Workbook
Name a: #REF!

Sheet Cleaning schedule
B1: Confirmation code | C1: Status | D1: Guest name | E1: Contact | F1: # of adults | G1: # of children | H1: # of infants | I1: Start date | J1: End date | K1: # of nights | L1: Booked | M1: Listing | N1: Earnings | O1: Properties | R1: Walk Through before guest check in | T1: Clean up after guests check out | U1: Airbnb/VRBO | V1: Check 1 | Y1: Check | Z1: Check for conflicts
B2: Directly | C2: Booked | D2: Kitti Teso | I2: 45611 | J2: 45991 | N2: 8750 | O2: 65th Terr | U2: =IF(LEFT(B2,2)="HM","AIRBNB",IF(LEFT(B2,2)="HA","VRBO",IF(LEFT(B2,2)="Di","Directly","Owner staying"))) -> Directly | V2: =IF(COUNTIF($I:$I,$J2)>0,"Same day check in "&COUNTIF($I:$I,$J2)&" houses",0) -> 0 | W2: =I2&O2 -> 4561165th Terr | X2: =J2&O2 -> 4599165th Terr | Y2: =IF(COUNTIF($W:$W,$X2)>0,"Check in, check out on the same day of stay "&O2,0) -> 0 | Z2: =IF(SUMPRODUCT(($O$2:$O$10000=$O2)*($I$2:$I$10000<J2)*($J$2:$J$10000>I2))>1,"Conflict","")
B3: HMXN3KWYJM | C3: Currently hosting | D3: Saul Maldonado | E3: +1 904-400-8298 | F3: 5 | G3: 0 | H3: 0 | I3: 45807 | J3: 45900 | K3: 93 | L3: 45799 | M3: 119th Terrace Vacation Home in Largo | N3: 12879.66 | O3: 119th | U3: =IF(LEFT(B3,2)="HM","AIRBNB",IF(LEFT(B3,2)="HA","VRBO",IF(LEFT(B3,2)="Di","Directly","Owner staying"))) -> AIRBNB | V3: =IF(COUNTIF($I:$I,$J3)>0,"Same day check in "&COUNTIF($I:$I,$J3)&" houses",0) -> 0 | W3: =I3&O3 -> 45807119th | X3: =J3&O3 -> 45900119th | Y3: =IF(COUNTIF($W:$W,$X3)>0,"Check in, check out on the same day of stay "&O3,0) -> 0 | Z3: =IF(SUMPRODUCT(($O$2:$O$10000=$O3)*($I$2:$I$10000<J3)*($J$2:$J$10000>I3))>1,"Conflict","")
B4: HM8WB5JKHZ | C4: Currently hosting | D4: Alan Salas | E4: +1 303-901-9414 | F4: 6 | G4: 0 | H4: 0 | I4: 45823 | J4: 45929 | K4: 106 | L4: 45820 | M4: 49th Ave Gem in Lealman area | N4: 9574.77 | O4: 4877 49th Ave N | U4: =IF(LEFT(B4,2)="HM","AIRBNB",IF(LEFT(B4,2)="HA","VRBO",IF(LEFT(B4,2)="Di","Directly","Owner staying"))) -> AIRBNB | V4: =IF(COUNTIF($I:$I,$J4)>0,"Same day check in "&COUNTIF($I:$I,$J4)&" houses",0) -> 0 | W4: =I4&O4 -> 458234877 49th Ave N | X4: =J4&O4 -> 459294877 49th Ave N | Y4: =IF(COUNTIF($W:$W,$X4)>0,"Check in, check out on the same day of stay "&O4,0) -> 0 | Z4: =IF(SUMPRODUCT(($O$2:$O$10000=$O4)*($I$2:$I$10000<J4)*($J$2:$J$10000>I4))>1,"Conflict","")
B5: Owner staying | C5: Owner staying | D5: Mike Lam | I5: 45880 | J5: 45941 | O5: Canterbury | U5: =IF(LEFT(B5,2)="HM","AIRBNB",IF(LEFT(B5,2)="HA","VRBO",IF(LEFT(B5,2)="Di","Directly","Owner staying"))) -> Owner staying | V5: =IF(COUNTIF($I:$I,$J5)>0,"Same day check in "&COUNTIF($I:$I,$J5)&" houses",0) -> Same day check in 1 houses | W5: =I5&O5 -> 45880Canterbury | X5: =J5&O5 -> 45941Canterbury | Y5: =IF(COUNTIF($W:$W,$X5)>0,"Check in, check out on the same day of stay "&O5,0) -> 0 | Z5: =IF(SUMPRODUCT(($O$2:$O$10000=$O5)*($I$2:$I$10000<J5)*($J$2:$J$10000>I5))>1,"Conflict","")
B6: HMDTQQCJJM | C6: Currently hosting | D6: Richard Solomon | E6: +1 332-323-7280 | F6: 1 | G6: 2 | H6: 0 | I6: 45886 | J6: 45900 | K6: 14 | L6: 45877 | M6: Sheldon Chase - the Cozy Tampa Retreat with POOL | N6: 2435.09 | O6: Sheldon Chase | U6: =IF(LEFT(B6,2)="HM","AIRBNB",IF(LEFT(B6,2)="HA","VRBO",IF(LEFT(B6,2)="Di","Directly","Owner staying"))) -> AIRBNB | V6: =IF(COUNTIF($I:$I,$J6)>0,"Same day check in "&COUNTIF($I:$I,$J6)&" houses",0) -> 0 | W6: =I6&O6 -> 45886Sheldon Chase | X6: =J6&O6 -> 45900Sheldon Chase | Y6: =IF(COUNTIF($W:$W,$X6)>0,"Check in, check out on the same day of stay "&O6,0) -> 0 | Z6: =IF(SUMPRODUCT(($O$2:$O$10000=$O6)*($I$2:$I$10000<J6)*($J$2:$J$10000>I6))>1,"Conflict","")
B7: HM8YAQYQMS | C7: Currently hosting | D7: Tanisha Louisa | E7: +1 502-540-9010 | F7: 3 | G7: 0 | H7: 0 | I7: 45894 | J7: 45897 | K7: 3 | L7: 45834 | M7: Toucan Luxury Oasis - Heated POOL and SPA | N7: 1057.3 | O7: Toucan | U7: =IF(LEFT(B7,2)="HM","AIRBNB",IF(LEFT(B7,2)="HA","VRBO",IF(LEFT(B7,2)="Di","Directly","Owner staying"))) -> AIRBNB | V7: =IF(COUNTIF($I:$I,$J7)>0,"Same day check in "&COUNTIF($I:$I,$J7)&" houses",0) -> Same day check in 2 houses | W7: =I7&O7 -> 45894Toucan | X7: =J7&O7 -> 45897Toucan | Y7: =IF(COUNTIF($W:$W,$X7)>0,"Check in, check out on the same day of stay "&O7,0) -> 0 | Z7: =IF(SUMPRODUCT(($O$2:$O$10000=$O7)*($I$2:$I$10000<J7)*($J$2:$J$10000>I7))>1,"Conflict","")
B8: Owner staying | C8: Owner staying | D8: Duy Lam | I8: 45896 | J8: 45903 | O8: 54th Ave | U8: =IF(LEFT(B8,2)="HM","AIRBNB",IF(LEFT(B8,2)="HA","VRBO",IF(LEFT(B8,2)="Di","Directly","Owner staying"))) -> Owner staying | V8: =IF(COUNTIF($I:$I,$J8)>0,"Same day check in "&COUNTIF($I:$I,$J8)&" houses",0) -> 0 | W8: =I8&O8 -> 4589654th Ave | X8: =J8&O8 -> 4590354th Ave | Y8: =IF(COUNTIF($W:$W,$X8)>0,"Check in, check out on the same day of stay "&O8,0) -> 0 | Z8: =IF(SUMPRODUCT(($O$2:$O$10000=$O8)*($I$2:$I$10000<J8)*($J$2:$J$10000>I8))>1,"Conflict","")
B9: HMKTWZ9YP3 | C9: Confirmed | D9: Alice Hunt | E9: +1 812-989-6895 | F9: 3 | G9: 0 | H9: 0 | I9: 45897 | J9: 45901 | K9: 4 | L9: 45893 | M9: 102nd Pinellas Park home w/ screened POOL | N9: 986.49 | O9: 102nd | U9: =IF(LEFT(B9,2)="HM","AIRBNB",IF(LEFT(B9,2)="HA","VRBO",IF(LEFT(B9,2)="Di","Directly","Owner staying"))) -> AIRBNB | V9: =IF(COUNTIF($I:$I,$J9)>0,"Same day check in "&COUNTIF($I:$I,$J9)&" houses",0) -> 0 | W9: =I9&O9 -> 45897102nd | X9: =J9&O9 -> 45901102nd | Y9: =IF(COUNTIF($W:$W,$X9)>0,"Check in, check out on the same day of stay "&O9,0) -> 0 | Z9: =IF(SUMPRODUCT(($O$2:$O$10000=$O9)*($I$2:$I$10000<J9)*($J$2:$J$10000>I9))>1,"Conflict","")
B10: HMDNHY93WB | C10: Confirmed | D10: Tony Martinez | E10: +1 239-784-1118 | F10: 4 | G10: 0 | H10: 0 | I10: 45897 | J10: 45901 | K10: 4 | L10: 45875 | M10: Elmhurst Getaway Home w/ screened POOL | N10: 1028.2 | O10: Elmhurst | U10: =IF(LEFT(B10,2)="HM","AIRBNB",IF(LEFT(B10,2)="HA","VRBO",IF(LEFT(B10,2)="Di","Directly","Owner staying"))) -> AIRBNB | V10: =IF(COUNTIF($I:$I,$J10)>0,"Same day check in "&COUNTIF($I:$I,$J10)&" houses",0) -> 0 | W10: =I10&O10 -> 45897Elmhurst | X10: =J10&O10 -> 45901Elmhurst | Y10: =IF(COUNTIF($W:$W,$X10)>0,"Check in, check out on the same day of stay "&O10,0) -> 0 | Z10: =IF(SUMPRODUCT(($O$2:$O$10000=$O10)*($I$2:$I$10000<J10)*($J$2:$J$10000>I10))>1,"Conflict","")
B11: HMWATRPE8R | C11: Confirmed | D11: Daimar Diaz | E11: +1 470-938-5194 | F11: 1 | G11: 0 | H11: 0 | I11: 45898 | J11: 45901 | K11: 3 | L11: 45895 | M11: Hidden Gem in Oakhurst Area - 4 mins to the Beach | N11: 910.83 | O11: 106th Ave | U11: =IF(LEFT(B11,2)="HM","AIRBNB",IF(LEFT(B11,2)="HA","VRBO",IF(LEFT(B11,2)="Di","Directly","Owner staying"))) -> AIRBNB | V11: =IF(COUNTIF($I:$I,$J11)>0,"Same day check in "&COUNTIF($I:$I,$J11)&" houses",0) -> 0 | W11: =I11&O11 -> 45898106th Ave | X11: =J11&O11 -> 45901106th Ave | Y11: =IF(COUNTIF($W:$W,$X11)>0,"Check in, check out on the same day of stay "&O11,0) -> 0 | Z11: =IF(SUMPRODUCT(($O$2:$O$10000=$O11)*($I$2:$I$10000<J11)*($J$2:$J$10000>I11))>1,"Conflict","")
B12: HMQ3KMQNX9 | C12: Confirmed | D12: Sandra Elliott | E12: +1 585-506-7169 | F12: 6 | G12: 0 | H12: 1 | I12: 45898 | J12: 45901 | K12: 3 | L12: 45835 | M12: Pinellas Coastal: Pool & Jacuzzi Vacation Home | N12: 848.75 | O12: 64th Street | U12: =IF(LEFT(B12,2)="HM","AIRBNB",IF(LEFT(B12,2)="HA","VRBO",IF(LEFT(B12,2)="Di","Directly","Owner staying"))) -> AIRBNB | V12: =IF(COUNTIF($I:$I,$J12)>0,"Same day check in "&COUNTIF($I:$I,$J12)&" houses",0) -> 0 | W12: =I12&O12 -> 4589864th Street | X12: =J12&O12 -> 4590164th Street | Y12: =IF(COUNTIF($W:$W,$X12)>0,"Check in, check out on the same day of stay "&O12,0) -> 0 | Z12: =IF(SUMPRODUCT(($O$2:$O$10000=$O12)*($I$2:$I$10000<J12)*($J$2:$J$10000>I12))>1,"Conflict","")
B13: HMHCA35ERM | C13: Confirmed | D13: Alexandria Ezquerra | E13: +1 904-814-5441 | F13: 8 | G13: 0 | H13: 0 | I13: 45898 | J13: 45901 | K13: 3 | L13: 45769 | M13: Sunrise Escape waterfront - pool heater avail | N13: 1843.97 | O13: Sunrise | U13: =IF(LEFT(B13,2)="HM","AIRBNB",IF(LEFT(B13,2)="HA","VRBO",IF(LEFT(B13,2)="Di","Directly","Owner staying"))) -> AIRBNB | V13: =IF(COUNTIF($I:$I,$J13)>0,"Same day check in "&COUNTIF($I:$I,$J13)&" houses",0) -> 0 | W13: =I13&O13 -> 45898Sunrise | X13: =J13&O13 -> 45901Sunrise | Y13: =IF(COUNTIF($W:$W,$X13)>0,"Check in, check out on the same day of stay "&O13,0) -> 0 | Z13: =IF(SUMPRODUCT(($O$2:$O$10000=$O13)*($I$2:$I$10000<J13)*($J$2:$J$10000>I13))>1,"Conflict","")
B14: HM3WRJAT4Y | C14: Confirmed | D14: Willie Will | E14: +1 501-230-3169 | F14: 5 | G14: 0 | H14: 0 | I14: 45898 | J14: 45902 | K14: 4 | L14: 45851 | M14: Oceanfront Getaway, boat dock, pool heating avail | N14: 1735.33 | O14: 11523 48th | U14: =IF(LEFT(B14,2)="HM","AIRBNB",IF(LEFT(B14,2)="HA","VRBO",IF(LEFT(B14,2)="Di","Directly","Owner staying"))) -> AIRBNB | V14: =IF(COUNTIF($I:$I,$J14)>0,"Same day check in "&COUNTIF($I:$I,$J14)&" houses",0) -> 0 | W14: =I14&O14 -> 4589811523 48th | X14: =J14&O14 -> 4590211523 48th | Y14: =IF(COUNTIF($W:$W,$X14)>0,"Check in, check out on the same day of stay "&O14,0) -> 0 | Z14: =IF(SUMPRODUCT(($O$2:$O$10000=$O14)*($I$2:$I$10000<J14)*($J$2:$J$10000>I14))>1,"Conflict","")
B15: Owner staying | C15: Owner staying | D15: Chi Lan Anh | I15: 45898 | J15: 45902 | O15: 4801 48th | U15: =IF(LEFT(B15,2)="HM","AIRBNB",IF(LEFT(B15,2)="HA","VRBO",IF(LEFT(B15,2)="Di","Directly","Owner staying"))) -> Owner staying | V15: =IF(COUNTIF($I:$I,$J15)>0,"Same day check in "&COUNTIF($I:$I,$J15)&" houses",0) -> 0 | W15: =I15&O15 -> 458984801 48th | X15: =J15&O15 -> 459024801 48th | Y15: =IF(COUNTIF($W:$W,$X15)>0,"Check in, check out on the same day of stay "&O15,0) -> 0 | Z15: =IF(SUMPRODUCT(($O$2:$O$10000=$O15)*($I$2:$I$10000<J15)*($J$2:$J$10000>I15))>1,"Conflict","")
B16: HMREP2ZWED | C16: Confirmed | D16: Zoey Manasakis | E16: +1 516-286-0702 | F16: 2 | G16: 0 | H16: 0 | I16: 45898 | J16: 45903 | K16: 5 | L16: 45877 | M16: Lake Valencia Cove - Pool Heating Avail | N16: 1691.68 | O16: Lake Valencia | U16: =IF(LEFT(B16,2)="HM","AIRBNB",IF(LEFT(B16,2)="HA","VRBO",IF(LEFT(B16,2)="Di","Directly","Owner staying"))) -> AIRBNB | V16: =IF(COUNTIF($I:$I,$J16)>0,"Same day check in "&COUNTIF($I:$I,$J16)&" houses",0) -> 0 | W16: =I16&O16 -> 45898Lake Valencia | X16: =J16&O16 -> 45903Lake Valencia | Y16: =IF(COUNTIF($W:$W,$X16)>0,"Check in, check out on the same day of stay "&O16,0) -> 0 | Z16: =IF(SUMPRODUCT(($O$2:$O$10000=$O16)*($I$2:$I$10000<J16)*($J$2:$J$10000>I16))>1,"Conflict","")
B17: Owner staying | C17: Owner staying | D17: Chi Lan Anh | I17: 45905 | J17: 45907 | O17: 4801 48th | U17: =IF(LEFT(B17,2)="HM","AIRBNB",IF(LEFT(B17,2)="HA","VRBO",IF(LEFT(B17,2)="Di","Directly","Owner staying"))) -> Owner staying | V17: =IF(COUNTIF($I:$I,$J17)>0,"Same day check in "&COUNTIF($I:$I,$J17)&" houses",0) -> Same day check in 1 houses | W17: =I17&O17 -> 459054801 48th | X17: =J17&O17 -> 459074801 48th | Y17: =IF(COUNTIF($W:$W,$X17)>0,"Check in, check out on the same day of stay "&O17,0) -> 0 | Z17: =IF(SUMPRODUCT(($O$2:$O$10000=$O17)*($I$2:$I$10000<J17)*($J$2:$J$10000>I17))>1,"Conflict","")
B18: HMS2HSHWEX | C18: Confirmed | D18: Ralph Williams | E18: +1 352-603-2677 | F18: 3 | G18: 0 | H18: 0 | I18: 45905 | J18: 45908 | K18: 3 | L18: 45894 | M18: Oceanfront Getaway, boat dock, pool heating avail | N18: 1338.6 | O18: 11523 48th | U18: =IF(LEFT(B18,2)="HM","AIRBNB",IF(LEFT(B18,2)="HA","VRBO",IF(LEFT(B18,2)="Di","Directly","Owner staying"))) -> AIRBNB | V18: =IF(COUNTIF($I:$I,$J18)>0,"Same day check in "&COUNTIF($I:$I,$J18)&" houses",0) -> 0 | W18: =I18&O18 -> 4590511523 48th | X18: =J18&O18 -> 4590811523 48th | Y18: =IF(COUNTIF($W:$W,$X18)>0,"Check in, check out on the same day of stay "&O18,0) -> 0 | Z18: =IF(SUMPRODUCT(($O$2:$O$10000=$O18)*($I$2:$I$10000<J18)*($J$2:$J$10000>I18))>1,"Conflict","")
B19: HMSDEMQP5T | C19: Confirmed | D19: Candice Cain | E19: +1 631-813-0815 | F19: 6 | G19: 0 | H19: 0 | I19: 45907 | J19: 45934 | K19: 27 | L19: 45888 | M19: Coastal Breeze on 66th Avenue | N19: 4976.78 | O19: 66th Ave | U19: =IF(LEFT(B19,2)="HM","AIRBNB",IF(LEFT(B19,2)="HA","VRBO",IF(LEFT(B19,2)="Di","Directly","Owner staying"))) -> AIRBNB | V19: =IF(COUNTIF($I:$I,$J19)>0,"Same day check in "&COUNTIF($I:$I,$J19)&" houses",0) -> 0 | W19: =I19&O19 -> 4590766th Ave | X19: =J19&O19 -> 4593466th Ave | Y19: =IF(COUNTIF($W:$W,$X19)>0,"Check in, check out on the same day of stay "&O19,0) -> 0 | Z19: =IF(SUMPRODUCT(($O$2:$O$10000=$O19)*($I$2:$I$10000<J19)*($J$2:$J$10000>I19))>1,"Conflict","")
B20: HMKTYFAC3E | C20: Confirmed | D20: Jacqueline Cornell | E20: +1 601-678-2596 | F20: 6 | G20: 0 | H20: 0 | I20: 45911 | J20: 45914 | K20: 3 | L20: 45890 | M20: Sunrise Escape waterfront - pool heater avail | N20: 1387.1 | O20: Sunrise | U20: =IF(LEFT(B20,2)="HM","AIRBNB",IF(LEFT(B20,2)="HA","VRBO",IF(LEFT(B20,2)="Di","Directly","Owner staying"))) -> AIRBNB | V20: =IF(COUNTIF($I:$I,$J20)>0,"Same day check in "&COUNTIF($I:$I,$J20)&" houses",0) -> Same day check in 1 houses | W20: =I20&O20 -> 45911Sunrise | X20: =J20&O20 -> 45914Sunrise | Y20: =IF(COUNTIF($W:$W,$X20)>0,"Check in, check out on the same day of stay "&O20,0) -> 0 | Z20: =IF(SUMPRODUCT(($O$2:$O$10000=$O20)*($I$2:$I$10000<J20)*($J$2:$J$10000>I20))>1,"Conflict","")
B21: Owner staying | C21: Owner staying | D21: Chi Lan Anh | I21: 45912 | J21: 45915 | O21: 4801 48th | U21: =IF(LEFT(B21,2)="HM","AIRBNB",IF(LEFT(B21,2)="HA","VRBO",IF(LEFT(B21,2)="Di","Directly","Owner staying"))) -> Owner staying | V21: =IF(COUNTIF($I:$I,$J21)>0,"Same day check in "&COUNTIF($I:$I,$J21)&" houses",0) -> 0 | W21: =I21&O21 -> 459124801 48th | X21: =J21&O21 -> 459154801 48th | Y21: =IF(COUNTIF($W:$W,$X21)>0,"Check in, check out on the same day of stay "&O21,0) -> 0 | Z21: =IF(SUMPRODUCT(($O$2:$O$10000=$O21)*($I$2:$I$10000<J21)*($J$2:$J$10000>I21))>1,"Conflict","")
B22: HMD2QJS3YA | C22: Confirmed | D22: Eric Wildberger | E22: +55 71 99300-1662 | F22: 1 | G22: 0 | H22: 0 | I22: 45914 | J22: 45933 | K22: 19 | L22: 45891 | M22: 76th Av Pinellas Park Centralized & Spacious House | N22: 2699.12 | O22: 76th Ave | U22: =IF(LEFT(B22,2)="HM","AIRBNB",IF(LEFT(B22,2)="HA","VRBO",IF(LEFT(B22,2)="Di","Directly","Owner staying"))) -> AIRBNB | V22: =IF(COUNTIF($I:$I,$J22)>0,"Same day check in "&COUNTIF($I:$I,$J22)&" houses",0) -> 0 | W22: =I22&O22 -> 4591476th Ave | X22: =J22&O22 -> 4593376th Ave | Y22: =IF(COUNTIF($W:$W,$X22)>0,"Check in, check out on the same day of stay "&O22,0) -> 0 | Z22: =IF(SUMPRODUCT(($O$2:$O$10000=$O22)*($I$2:$I$10000<J22)*($J$2:$J$10000>I22))>1,"Conflict","")
B23: HMEDBYH9HM | C23: Confirmed | D23: Luis Romero | E23: +1 786-797-1915 | F23: 6 | G23: 2 | H23: 0 | I23: 45919 | J23: 45925 | K23: 6 | L23: 45888 | M23: Sunrise Escape waterfront - pool heater avail | N23: 2725.7 | O23: Sunrise | U23: =IF(LEFT(B23,2)="HM","AIRBNB",IF(LEFT(B23,2)="HA","VRBO",IF(LEFT(B23,2)="Di","Directly","Owner staying"))) -> AIRBNB | V23: =IF(COUNTIF($I:$I,$J23)>0,"Same day check in "&COUNTIF($I:$I,$J23)&" houses",0) -> Same day check in 1 houses | W23: =I23&O23 -> 45919Sunrise | X23: =J23&O23 -> 45925Sunrise | Y23: =IF(COUNTIF($W:$W,$X23)>0,"Check in, check out on the same day of stay "&O23,0) -> Check in, check out on the same day of stay Sunrise | Z23: =IF(SUMPRODUCT(($O$2:$O$10000=$O23)*($I$2:$I$10000<J23)*($J$2:$J$10000>I23))>1,"Conflict","")
B24: HM4SENNDYM | C24: Confirmed | D24: Susan Signer | E24: +1 815-990-4519 | F24: 7 | G24: 0 | H24: 0 | I24: 45925 | J24: 45928 | K24: 3 | L24: 45880 | M24: Sunrise Escape waterfront - pool heater avail | N24: 1459.85 | O24: Sunrise | U24: =IF(LEFT(B24,2)="HM","AIRBNB",IF(LEFT(B24,2)="HA","VRBO",IF(LEFT(B24,2)="Di","Directly","Owner staying"))) -> AIRBNB | V24: =IF(COUNTIF($I:$I,$J24)>0,"Same day check in "&COUNTIF($I:$I,$J24)&" houses",0) -> 0 | W24: =I24&O24 -> 45925Sunrise | X24: =J24&O24 -> 45928Sunrise | Y24: =IF(COUNTIF($W:$W,$X24)>0,"Check in, check out on the same day of stay "&O24,0) -> 0 | Z24: =IF(SUMPRODUCT(($O$2:$O$10000=$O24)*($I$2:$I$10000<J24)*($J$2:$J$10000>I24))>1,"Conflict","")
B25: HM2EJS8FSK | C25: Confirmed | D25: Amir Raekwon Wells | E25: +1 856-676-5205 | F25: 6 | G25: 0 | H25: 0 | I25: 45926 | J25: 45929 | K25: 3 | L25: 45833 | M25: Lake Valencia Cove - Pool Heating Avail | N25: 1091.25 | O25: Lake Valencia | U25: =IF(LEFT(B25,2)="HM","AIRBNB",IF(LEFT(B25,2)="HA","VRBO",IF(LEFT(B25,2)="Di","Directly","Owner staying"))) -> AIRBNB | V25: =IF(COUNTIF($I:$I,$J25)>0,"Same day check in "&COUNTIF($I:$I,$J25)&" houses",0) -> 0 | W25: =I25&O25 -> 45926Lake Valencia | X25: =J25&O25 -> 45929Lake Valencia | Y25: =IF(COUNTIF($W:$W,$X25)>0,"Check in, check out on the same day of stay "&O25,0) -> 0 | Z25: =IF(SUMPRODUCT(($O$2:$O$10000=$O25)*($I$2:$I$10000<J25)*($J$2:$J$10000>I25))>1,"Conflict","")
B26: HMXRPAYEE3 | C26: Confirmed | D26: Karen Anderson | E26: +1 912-755-0164 | F26: 4 | G26: 0 | H26: 0 | I26: 45932 | J26: 45935 | K26: 3 | L26: 45882 | M26: Oceanfront Getaway, boat dock, pool heating avail | N26: 1352.57 | O26: 11523 48th | U26: =IF(LEFT(B26,2)="HM","AIRBNB",IF(LEFT(B26,2)="HA","VRBO",IF(LEFT(B26,2)="Di","Directly","Owner staying"))) -> AIRBNB | V26: =IF(COUNTIF($I:$I,$J26)>0,"Same day check in "&COUNTIF($I:$I,$J26)&" houses",0) -> Same day check in 1 houses | W26: =I26&O26 -> 4593211523 48th | X26: =J26&O26 -> 4593511523 48th | Y26: =IF(COUNTIF($W:$W,$X26)>0,"Check in, check out on the same day of stay "&O26,0) -> Check in, check out on the same day of stay 11523 48th | Z26: =IF(SUMPRODUCT(($O$2:$O$10000=$O26)*($I$2:$I$10000<J26)*($J$2:$J$10000>I26))>1,"Conflict","")
B27: HA-DDT8R4 | C27: Booked | D27: Bob Fehr | I27: 45935 | J27: 45940 | L27: 45797 | O27: 11523 48th | U27: =IF(LEFT(B27,2)="HM","AIRBNB",IF(LEFT(B27,2)="HA","VRBO",IF(LEFT(B27,2)="Di","Directly","Owner staying"))) -> VRBO | V27: =IF(COUNTIF($I:$I,$J27)>0,"Same day check in "&COUNTIF($I:$I,$J27)&" houses",0) -> Same day check in 1 houses | W27: =I27&O27 -> 4593511523 48th | X27: =J27&O27 -> 4594011523 48th | Y27: =IF(COUNTIF($W:$W,$X27)>0,"Check in, check out on the same day of stay "&O27,0) -> 0 | Z27: =IF(SUMPRODUCT(($O$2:$O$10000=$O27)*($I$2:$I$10000<J27)*($J$2:$J$10000>I27))>1,"Conflict","")
B28: HMMFEQPX34 | C28: Confirmed | D28: Lisa Vigilante | E28: +1 757-759-6739 | F28: 6 | G28: 0 | H28: 1 | I28: 45939 | J28: 45943 | K28: 3 | L28: 45756 | M28: Lake Valencia Cove - Pool Heating Avail | N28: 1164.97 | O28: Lake Valencia | U28: =IF(LEFT(B28,2)="HM","AIRBNB",IF(LEFT(B28,2)="HA","VRBO",IF(LEFT(B28,2)="Di","Directly","Owner staying"))) -> AIRBNB | V28: =IF(COUNTIF($I:$I,$J28)>0,"Same day check in "&COUNTIF($I:$I,$J28)&" houses",0) -> 0 | W28: =I28&O28 -> 45939Lake Valencia | X28: =J28&O28 -> 45943Lake Valencia | Y28: =IF(COUNTIF($W:$W,$X28)>0,"Check in, check out on the same day of stay "&O28,0) -> 0 | Z28: =IF(SUMPRODUCT(($O$2:$O$10000=$O28)*($I$2:$I$10000<J28)*($J$2:$J$10000>I28))>1,"Conflict","")
B29: HMSJ2NY8YQ | C29: Confirmed | D29: Cheryl Carter | E29: +1 479-806-1445 | F29: 1 | G29: 0 | H29: 0 | I29: 45939 | J29: 45946 | K29: 7 | L29: 45880 | M29: Clearwater Poolside Phillies' Haven | N29: 2431.06 | O29: Oakdale | U29: =IF(LEFT(B29,2)="HM","AIRBNB",IF(LEFT(B29,2)="HA","VRBO",IF(LEFT(B29,2)="Di","Directly","Owner staying"))) -> AIRBNB | V29: =IF(COUNTIF($I:$I,$J29)>0,"Same day check in "&COUNTIF($I:$I,$J29)&" houses",0) -> Same day check in 3 houses | W29: =I29&O29 -> 45939Oakdale | X29: =J29&O29 -> 45946Oakdale | Y29: =IF(COUNTIF($W:$W,$X29)>0,"Check in, check out on the same day of stay "&O29,0) -> 0 | Z29: =IF(SUMPRODUCT(($O$2:$O$10000=$O29)*($I$2:$I$10000<J29)*($J$2:$J$10000>I29))>1,"Conflict","")
B30: HMZDXCD8FZ | C30: Confirmed | D30: Sonny Visco | E30: +1 347-742-6992 | F30: 4 | G30: 0 | H30: 0 | I30: 45940 | J30: 45943 | K30: 3 | L30: 45759 | M30: Sunrise Escape waterfront - pool heater avail | N30: 1665.49 | O30: Sunrise | U30: =IF(LEFT(B30,2)="HM","AIRBNB",IF(LEFT(B30,2)="HA","VRBO",IF(LEFT(B30,2)="Di","Directly","Owner staying"))) -> AIRBNB | V30: =IF(COUNTIF($I:$I,$J30)>0,"Same day check in "&COUNTIF($I:$I,$J30)&" houses",0) -> 0 | W30: =I30&O30 -> 45940Sunrise | X30: =J30&O30 -> 45943Sunrise | Y30: =IF(COUNTIF($W:$W,$X30)>0,"Check in, check out on the same day of stay "&O30,0) -> 0 | Z30: =IF(SUMPRODUCT(($O$2:$O$10000=$O30)*($I$2:$I$10000<J30)*($J$2:$J$10000>I30))>1,"Conflict","")
B31: HMB5HWFT4Q | C31: Confirmed | D31: Becki Miller | E31: +1 404-395-4097 | F31: 2 | G31: 4 | H31: 0 | I31: 45941 | J31: 45946 | K31: 5 | L31: 45879 | M31: Oceanfront Getaway, boat dock, pool heating avail | N31: 2060.57 | O31: 11523 48th | U31: =IF(LEFT(B31,2)="HM","AIRBNB",IF(LEFT(B31,2)="HA","VRBO",IF(LEFT(B31,2)="Di","Directly","Owner staying"))) -> AIRBNB | V31: =IF(COUNTIF($I:$I,$J31)>0,"Same day check in "&COUNTIF($I:$I,$J31)&" houses",0) -> Same day check in 3 houses | W31: =I31&O31 -> 4594111523 48th | X31: =J31&O31 -> 4594611523 48th | Y31: =IF(COUNTIF($W:$W,$X31)>0,"Check in, check out on the same day of stay "&O31,0) -> Check in, check out on the same day of stay 11523 48th | Z31: =IF(SUMPRODUCT(($O$2:$O$10000=$O31)*($I$2:$I$10000<J31)*($J$2:$J$10000>I31))>1,"Conflict","")
B32: HMCTE4D2DY | C32: Confirmed | D32: Logan Ahmann | E32: +1 563-451-9390 | F32: 2 | G32: 1 | H32: 1 | I32: 45946 | J32: 45949 | K32: 3 | L32: 45872 | M32: Oceanfront Getaway, boat dock, pool heating avail | N32: 1344.71 | O32: 11523 48th | U32: =IF(LEFT(B32,2)="HM","AIRBNB",IF(LEFT(B32,2)="HA","VRBO",IF(LEFT(B32,2)="Di","Directly","Owner staying"))) -> AIRBNB | V32: =IF(COUNTIF($I:$I,$J32)>0,"Same day check in "&COUNTIF($I:$I,$J32)&" houses",0) -> 0 | W32: =I32&O32 -> 4594611523 48th | X32: =J32&O32 -> 4594911523 48th | Y32: =IF(COUNTIF($W:$W,$X32)>0,"Check in, check out on the same day of stay "&O32,0) -> 0 | Z32: =IF(SUMPRODUCT(($O$2:$O$10000=$O32)*($I$2:$I$10000<J32)*($J$2:$J$10000>I32))>1,"Conflict","")
B33: HMTT4EZTZ9 | C33: Confirmed | D33: Sumanth Toom | E33: +1 781-996-9996 | F33: 5 | G33: 0 | H33: 0 | I33: 45946 | J33: 45949 | K33: 3 | L33: 45856 | M33: Sunrise Escape waterfront - pool heater avail | N33: 1689.74 | O33: Sunrise | U33: =IF(LEFT(B33,2)="HM","AIRBNB",IF(LEFT(B33,2)="HA","VRBO",IF(LEFT(B33,2)="Di","Directly","Owner staying"))) -> AIRBNB | V33: =IF(COUNTIF($I:$I,$J33)>0,"Same day check in "&COUNTIF($I:$I,$J33)&" houses",0) -> 0 | W33: =I33&O33 -> 45946Sunrise | X33: =J33&O33 -> 45949Sunrise | Y33: =IF(COUNTIF($W:$W,$X33)>0,"Check in, check out on the same day of stay "&O33,0) -> 0 | Z33: =IF(SUMPRODUCT(($O$2:$O$10000=$O33)*($I$2:$I$10000<J33)*($J$2:$J$10000>I33))>1,"Conflict","")
B34: HMC4HCYA4M | C34: Confirmed | D34: Michael Andreski | E34: +1 336-927-9175 | F34: 10 | G34: 0 | H34: 0 | I34: 45946 | J34: 45949 | K34: 3 | L34: 45812 | M34: 5bd/3.5ba BIG House w/ POOL near Pinellas Park | N34: 1876.95 | O34: 4801 48th | U34: =IF(LEFT(B34,2)="HM","AIRBNB",IF(LEFT(B34,2)="HA","VRBO",IF(LEFT(B34,2)="Di","Directly","Owner staying"))) -> AIRBNB | V34: =IF(COUNTIF($I:$I,$J34)>0,"Same day check in "&COUNTIF($I:$I,$J34)&" houses",0) -> 0 | W34: =I34&O34 -> 459464801 48th | X34: =J34&O34 -> 459494801 48th | Y34: =IF(COUNTIF($W:$W,$X34)>0,"Check in, check out on the same day of stay "&O34,0) -> 0 | Z34: =IF(SUMPRODUCT(($O$2:$O$10000=$O34)*($I$2:$I$10000<J34)*($J$2:$J$10000>I34))>1,"Conflict","")
B35: HM4NWJSDZJ | C35: Confirmed | D35: Mollie Crockett | E35: +1 336-409-1052 | F35: 4 | G35: 1 | H35: 1 | I35: 45953 | J35: 45956 | K35: 3 | L35: 45739 | M35: Oceanfront Getaway, boat dock, pool heating avail | N35: 1455 | O35: 11523 48th | U35: =IF(LEFT(B35,2)="HM","AIRBNB",IF(LEFT(B35,2)="HA","VRBO",IF(LEFT(B35,2)="Di","Directly","Owner staying"))) -> AIRBNB | V35: =IF(COUNTIF($I:$I,$J35)>0,"Same day check in "&COUNTIF($I:$I,$J35)&" houses",0) -> Same day check in 1 houses | W35: =I35&O35 -> 4595311523 48th | X35: =J35&O35 -> 4595611523 48th | Y35: =IF(COUNTIF($W:$W,$X35)>0,"Check in, check out on the same day of stay "&O35,0) -> 0 | Z35: =IF(SUMPRODUCT(($O$2:$O$10000=$O35)*($I$2:$I$10000<J35)*($J$2:$J$10000>I35))>1,"Conflict","")
B36: HA-ZMNR9R | C36: Booked | D36: Evelyn Sechler | I36: 45953 | J36: 45956 | L36: 45850 | O36: 66th Ave | U36: =IF(LEFT(B36,2)="HM","AIRBNB",IF(LEFT(B36,2)="HA","VRBO",IF(LEFT(B36,2)="Di","Directly","Owner staying"))) -> VRBO | V36: =IF(COUNTIF($I:$I,$J36)>0,"Same day check in "&COUNTIF($I:$I,$J36)&" houses",0) -> Same day check in 1 houses | W36: =I36&O36 -> 4595366th Ave | X36: =J36&O36 -> 4595666th Ave | Y36: =IF(COUNTIF($W:$W,$X36)>0,"Check in, check out on the same day of stay "&O36,0) -> 0 | Z36: =IF(SUMPRODUCT(($O$2:$O$10000=$O36)*($I$2:$I$10000<J36)*($J$2:$J$10000>I36))>1,"Conflict","")
B37: HA-L333C1 | C37: Booked | D37: Joe Foti | I37: 45953 | J37: 45957 | L37: 45740 | O37: Lake Valencia | U37: =IF(LEFT(B37,2)="HM","AIRBNB",IF(LEFT(B37,2)="HA","VRBO",IF(LEFT(B37,2)="Di","Directly","Owner staying"))) -> VRBO | V37: =IF(COUNTIF($I:$I,$J37)>0,"Same day check in "&COUNTIF($I:$I,$J37)&" houses",0) -> 0 | W37: =I37&O37 -> 45953Lake Valencia | X37: =J37&O37 -> 45957Lake Valencia | Y37: =IF(COUNTIF($W:$W,$X37)>0,"Check in, check out on the same day of stay "&O37,0) -> 0 | Z37: =IF(SUMPRODUCT(($O$2:$O$10000=$O37)*($I$2:$I$10000<J37)*($J$2:$J$10000>I37))>1,"Conflict","")
B38: HM855CCK39 | C38: Confirmed | D38: Heather Medeiros | E38: +1 401-524-2494 | F38: 2 | G38: 0 | H38: 0 | I38: 45956 | J38: 45961 | K38: 5 | L38: 45829 | M38: Sunrise Escape waterfront - pool heater avail | N38: 2522 | O38: Sunrise | U38: =IF(LEFT(B38,2)="HM","AIRBNB",IF(LEFT(B38,2)="HA","VRBO",IF(LEFT(B38,2)="Di","Directly","Owner staying"))) -> AIRBNB | V38: =IF(COUNTIF($I:$I,$J38)>0,"Same day check in "&COUNTIF($I:$I,$J38)&" houses",0) -> 0 | W38: =I38&O38 -> 45956Sunrise | X38: =J38&O38 -> 45961Sunrise | Y38: =IF(COUNTIF($W:$W,$X38)>0,"Check in, check out on the same day of stay "&O38,0) -> 0 | Z38: =IF(SUMPRODUCT(($O$2:$O$10000=$O38)*($I$2:$I$10000<J38)*($J$2:$J$10000>I38))>1,"Conflict","")
B39: HM3P4HYYR9 | C39: Confirmed | D39: Matthew Stevenson | E39: +1 302-528-3431 | F39: 2 | G39: 0 | H39: 0 | I39: 45959 | J39: 45963 | K39: 4 | L39: 45850 | M39: Elmhurst Getaway Home w/ screened POOL | N39: 1018.5 | O39: Elmhurst | U39: =IF(LEFT(B39,2)="HM","AIRBNB",IF(LEFT(B39,2)="HA","VRBO",IF(LEFT(B39,2)="Di","Directly","Owner staying"))) -> AIRBNB | V39: =IF(COUNTIF($I:$I,$J39)>0,"Same day check in "&COUNTIF($I:$I,$J39)&" houses",0) -> 0 | W39: =I39&O39 -> 45959Elmhurst | X39: =J39&O39 -> 45963Elmhurst | Y39: =IF(COUNTIF($W:$W,$X39)>0,"Check in, check out on the same day of stay "&O39,0) -> 0 | Z39: =IF(SUMPRODUCT(($O$2:$O$10000=$O39)*($I$2:$I$10000<J39)*($J$2:$J$10000>I39))>1,"Conflict","")
B40: HMP9RZAMF4 | C40: Confirmed | D40: Jennifer Reuter | E40: +1 862-266-7755 | F40: 6 | G40: 0 | H40: 0 | I40: 45966 | J40: 45973 | K40: 7 | L40: 45831 | M40: Lake Valencia Cove - Pool Heating Avail | N40: 2016.05 | O40: Lake Valencia | U40: =IF(LEFT(B40,2)="HM","AIRBNB",IF(LEFT(B40,2)="HA","VRBO",IF(LEFT(B40,2)="Di","Directly","Owner staying"))) -> AIRBNB | V40: =IF(COUNTIF($I:$I,$J40)>0,"Same day check in "&COUNTIF($I:$I,$J40)&" houses",0) -> 0 | W40: =I40&O40 -> 45966Lake Valencia | X40: =J40&O40 -> 45973Lake Valencia | Y40: =IF(COUNTIF($W:$W,$X40)>0,"Check in, check out on the same day of stay "&O40,0) -> 0 | Z40: =IF(SUMPRODUCT(($O$2:$O$10000=$O40)*($I$2:$I$10000<J40)*($J$2:$J$10000>I40))>1,"Conflict","")
B41: HM5A8SNYSM | C41: Confirmed | D41: Thomas McCauley | E41: +1 781-244-8312 | F41: 4 | G41: 0 | H41: 0 | I41: 45968 | J41: 45971 | K41: 3 | L41: 45861 | M41: Oceanfront Getaway, boat dock, pool heating avail | N41: 1489.92 | O41: 11523 48th | U41: =IF(LEFT(B41,2)="HM","AIRBNB",IF(LEFT(B41,2)="HA","VRBO",IF(LEFT(B41,2)="Di","Directly","Owner staying"))) -> AIRBNB | V41: =IF(COUNTIF($I:$I,$J41)>0,"Same day check in "&COUNTIF($I:$I,$J41)&" houses",0) -> 0 | W41: =I41&O41 -> 4596811523 48th | X41: =J41&O41 -> 4597111523 48th | Y41: =IF(COUNTIF($W:$W,$X41)>0,"Check in, check out on the same day of stay "&O41,0) -> 0 | Z41: =IF(SUMPRODUCT(($O$2:$O$10000=$O41)*($I$2:$I$10000<J41)*($J$2:$J$10000>I41))>1,"Conflict","")
B42: HMXEQ58D3W | C42: Confirmed | D42: Brittany Howard | E42: +1 478-278-2440 | F42: 5 | G42: 0 | H42: 0 | I42: 45981 | J42: 45986 | K42: 5 | L42: 45768 | M42: Serene Waterside Escape w Pool & Spacious Backyard | N42: 1721.75 | O42: 73rd Ave | U42: =IF(LEFT(B42,2)="HM","AIRBNB",IF(LEFT(B42,2)="HA","VRBO",IF(LEFT(B42,2)="Di","Directly","Owner staying"))) -> AIRBNB | V42: =IF(COUNTIF($I:$I,$J42)>0,"Same day check in "&COUNTIF($I:$I,$J42)&" houses",0) -> Same day check in 2 houses | W42: =I42&O42 -> 4598173rd Ave | X42: =J42&O42 -> 4598673rd Ave | Y42: =IF(COUNTIF($W:$W,$X42)>0,"Check in, check out on the same day of stay "&O42,0) -> 0 | Z42: =IF(SUMPRODUCT(($O$2:$O$10000=$O42)*($I$2:$I$10000<J42)*($J$2:$J$10000>I42))>1,"Conflict","")
B43: HMQWBHWT8B | C43: Confirmed | D43: Zach Anderson | E43: +1 352-872-2391 | F43: 1 | G43: 0 | H43: 0 | I43: 45982 | J43: 45985 | K43: 3 | L43: 45888 | M43: Coastal Breeze on 66th Avenue | N43: 1169.82 | O43: 66th Ave | U43: =IF(LEFT(B43,2)="HM","AIRBNB",IF(LEFT(B43,2)="HA","VRBO",IF(LEFT(B43,2)="Di","Directly","Owner staying"))) -> AIRBNB | V43: =IF(COUNTIF($I:$I,$J43)>0,"Same day check in "&COUNTIF($I:$I,$J43)&" houses",0) -> Same day check in 1 houses | W43: =I43&O43 -> 4598266th Ave | X43: =J43&O43 -> 4598566th Ave | Y43: =IF(COUNTIF($W:$W,$X43)>0,"Check in, check out on the same day of stay "&O43,0) -> 0 | Z43: =IF(SUMPRODUCT(($O$2:$O$10000=$O43)*($I$2:$I$10000<J43)*($J$2:$J$10000>I43))>1,"Conflict","")
B44: HMZXAHP9M5 | C44: Confirmed | D44: Chrystal Mcdowell | E44: +1 352-431-4339 | F44: 6 | G44: 0 | H44: 0 | I44: 45982 | J44: 45985 | K44: 3 | L44: 45727 | M44: Pinellas Coastal: Pool & Jacuzzi Vacation Home | N44: 922.47 | O44: 64th Street | U44: =IF(LEFT(B44,2)="HM","AIRBNB",IF(LEFT(B44,2)="HA","VRBO",IF(LEFT(B44,2)="Di","Directly","Owner staying"))) -> AIRBNB | V44: =IF(COUNTIF($I:$I,$J44)>0,"Same day check in "&COUNTIF($I:$I,$J44)&" houses",0) -> Same day check in 1 houses | W44: =I44&O44 -> 4598264th Street | X44: =J44&O44 -> 4598564th Street | Y44: =IF(COUNTIF($W:$W,$X44)>0,"Check in, check out on the same day of stay "&O44,0) -> 0 | Z44: =IF(SUMPRODUCT(($O$2:$O$10000=$O44)*($I$2:$I$10000<J44)*($J$2:$J$10000>I44))>1,"Conflict","")
B45: HA-BKJ704 | C45: Booked | D45: Marcus Watson | I45: 45982 | J45: 45985 | L45: 45869 | O45: 50th Ave | U45: =IF(LEFT(B45,2)="HM","AIRBNB",IF(LEFT(B45,2)="HA","VRBO",IF(LEFT(B45,2)="Di","Directly","Owner staying"))) -> VRBO | V45: =IF(COUNTIF($I:$I,$J45)>0,"Same day check in "&COUNTIF($I:$I,$J45)&" houses",0) -> Same day check in 1 houses | W45: =I45&O45 -> 4598250th Ave | X45: =J45&O45 -> 4598550th Ave | Y45: =IF(COUNTIF($W:$W,$X45)>0,"Check in, check out on the same day of stay "&O45,0) -> 0 | Z45: =IF(SUMPRODUCT(($O$2:$O$10000=$O45)*($I$2:$I$10000<J45)*($J$2:$J$10000>I45))>1,"Conflict","")
B46: HA-5H8W6L | C46: Booked | D46: Darrell Goodwin | I46: 45982 | J46: 45985 | L46: 45883 | O46: 4760 48th Ave | U46: =IF(LEFT(B46,2)="HM","AIRBNB",IF(LEFT(B46,2)="HA","VRBO",IF(LEFT(B46,2)="Di","Directly","Owner staying"))) -> VRBO | V46: =IF(COUNTIF($I:$I,$J46)>0,"Same day check in "&COUNTIF($I:$I,$J46)&" houses",0) -> Same day check in 1 houses | W46: =I46&O46 -> 459824760 48th Ave | X46: =J46&O46 -> 459854760 48th Ave | Y46: =IF(COUNTIF($W:$W,$X46)>0,"Check in, check out on the same day of stay "&O46,0) -> 0 | Z46: =IF(SUMPRODUCT(($O$2:$O$10000=$O46)*($I$2:$I$10000<J46)*($J$2:$J$10000>I46))>1,"Conflict","")
B47: HMKEJKJE4Y | C47: Confirmed | D47: Kelsey Todd | E47: +1 330-692-2854 | F47: 4 | G47: 0 | H47: 0 | I47: 45983 | J47: 45986 | K47: 3 | L47: 45890 | M47: Sunrise Escape waterfront - pool heater avail | N47: 1737.27 | O47: Sunrise | U47: =IF(LEFT(B47,2)="HM","AIRBNB",IF(LEFT(B47,2)="HA","VRBO",IF(LEFT(B47,2)="Di","Directly","Owner staying"))) -> AIRBNB | V47: =IF(COUNTIF($I:$I,$J47)>0,"Same day check in "&COUNTIF($I:$I,$J47)&" houses",0) -> Same day check in 2 houses | W47: =I47&O47 -> 45983Sunrise | X47: =J47&O47 -> 45986Sunrise | Y47: =IF(COUNTIF($W:$W,$X47)>0,"Check in, check out on the same day of stay "&O47,0) -> Check in, check out on the same day of stay Sunrise | Z47: =IF(SUMPRODUCT(($O$2:$O$10000=$O47)*($I$2:$I$10000<J47)*($J$2:$J$10000>I47))>1,"Conflict","")
B48: HMBPAMFE8K | C48: Confirmed | D48: Tom Tischler | E48: +1 907-251-7499 | F48: 4 | G48: 0 | H48: 0 | I48: 45984 | J48: 45991 | K48: 7 | L48: 45768 | M48: Lake Valencia Cove - Pool Heating Avail | N48: 2209.85 | O48: Lake Valencia | U48: =IF(LEFT(B48,2)="HM","AIRBNB",IF(LEFT(B48,2)="HA","VRBO",IF(LEFT(B48,2)="Di","Directly","Owner staying"))) -> AIRBNB | V48: =IF(COUNTIF($I:$I,$J48)>0,"Same day check in "&COUNTIF($I:$I,$J48)&" houses",0) -> 0 | W48: =I48&O48 -> 45984Lake Valencia | X48: =J48&O48 -> 45991Lake Valencia | Y48: =IF(COUNTIF($W:$W,$X48)>0,"Check in, check out on the same day of stay "&O48,0) -> 0 | Z48: =IF(SUMPRODUCT(($O$2:$O$10000=$O48)*($I$2:$I$10000<J48)*($J$2:$J$10000>I48))>1,"Conflict","")
B49: HA-YSVWF2 | C49: Booked | D49: Jonathon Andreas | I49: 45985 | J49: 46003 | L49: 45890 | O49: Lancaster | U49: =IF(LEFT(B49,2)="HM","AIRBNB",IF(LEFT(B49,2)="HA","VRBO",IF(LEFT(B49,2)="Di","Directly","Owner staying"))) -> VRBO | V49: =IF(COUNTIF($I:$I,$J49)>0,"Same day check in "&COUNTIF($I:$I,$J49)&" houses",0) -> 0 | W49: =I49&O49 -> 45985Lancaster | X49: =J49&O49 -> 46003Lancaster | Y49: =IF(COUNTIF($W:$W,$X49)>0,"Check in, check out on the same day of stay "&O49,0) -> 0 | Z49: =IF(SUMPRODUCT(($O$2:$O$10000=$O49)*($I$2:$I$10000<J49)*($J$2:$J$10000>I49))>1,"Conflict","")
B50: HM2FBPFEQA | C50: Confirmed | D50: Jessica Clarke | E50: +1 703-263-5186 | F50: 5 | G50: 0 | H50: 0 | I50: 45986 | J50: 45989 | K50: 3 | L50: 45830 | M50: Sunrise Escape waterfront - pool heater avail | N50: 1730.48 | O50: Sunrise | U50: =IF(LEFT(B50,2)="HM","AIRBNB",IF(LEFT(B50,2)="HA","VRBO",IF(LEFT(B50,2)="Di","Directly","Owner staying"))) -> AIRBNB | V50: =IF(COUNTIF($I:$I,$J50)>0,"Same day check in "&COUNTIF($I:$I,$J50)&" houses",0) -> 0 | W50: =I50&O50 -> 45986Sunrise | X50: =J50&O50 -> 45989Sunrise | Y50: =IF(COUNTIF($W:$W,$X50)>0,"Check in, check out on the same day of stay "&O50,0) -> 0 | Z50: =IF(SUMPRODUCT(($O$2:$O$10000=$O50)*($I$2:$I$10000<J50)*($J$2:$J$10000>I50))>1,"Conflict","")
B51: HMY2F95KEQ | C51: Confirmed | D51: Russ Winge | E51: +1 478-953-1261 | F51: 5 | G51: 0 | H51: 0 | I51: 45986 | J51: 45990 | K51: 4 | L51: 45677 | M51: Oceanfront Getaway, boat dock, pool heating avail | N51: 1977.83 | O51: 11523 48th | U51: =IF(LEFT(B51,2)="HM","AIRBNB",IF(LEFT(B51,2)="HA","VRBO",IF(LEFT(B51,2)="Di","Directly","Owner staying"))) -> AIRBNB | V51: =IF(COUNTIF($I:$I,$J51)>0,"Same day check in "&COUNTIF($I:$I,$J51)&" houses",0) -> 0 | W51: =I51&O51 -> 4598611523 48th | X51: =J51&O51 -> 4599011523 48th | Y51: =IF(COUNTIF($W:$W,$X51)>0,"Check in, check out on the same day of stay "&O51,0) -> 0 | Z51: =IF(SUMPRODUCT(($O$2:$O$10000=$O51)*($I$2:$I$10000<J51)*($J$2:$J$10000>I51))>1,"Conflict","")
B52: HMWS3QPFPA | C52: Confirmed | D52: Dominique Finley | E52: +1 936-438-0557 | F52: 6 | G52: 4 | H52: 0 | I52: 45987 | J52: 45990 | K52: 3 | L52: 45894 | M52: Coastal Breeze on 66th Avenue | N52: 1164.97 | O52: 66th Ave | U52: =IF(LEFT(B52,2)="HM","AIRBNB",IF(LEFT(B52,2)="HA","VRBO",IF(LEFT(B52,2)="Di","Directly","Owner staying"))) -> AIRBNB | V52: =IF(COUNTIF($I:$I,$J52)>0,"Same day check in "&COUNTIF($I:$I,$J52)&" houses",0) -> 0 | W52: =I52&O52 -> 4598766th Ave | X52: =J52&O52 -> 4599066th Ave | Y52: =IF(COUNTIF($W:$W,$X52)>0,"Check in, check out on the same day of stay "&O52,0) -> 0 | Z52: =IF(SUMPRODUCT(($O$2:$O$10000=$O52)*($I$2:$I$10000<J52)*($J$2:$J$10000>I52))>1,"Conflict","")
B53: HM5PPK3PP3 | C53: Confirmed | D53: Mark Lunsford | E53: +1 972-951-7321 | F53: 11 | G53: 0 | H53: 0 | I53: 45987 | J53: 45990 | K53: 3 | L53: 45873 | M53: 5bd/3.5ba BIG House w/ POOL near Pinellas Park | N53: 1876.95 | O53: 4801 48th | U53: =IF(LEFT(B53,2)="HM","AIRBNB",IF(LEFT(B53,2)="HA","VRBO",IF(LEFT(B53,2)="Di","Directly","Owner staying"))) -> AIRBNB | V53: =IF(COUNTIF($I:$I,$J53)>0,"Same day check in "&COUNTIF($I:$I,$J53)&" houses",0) -> 0 | W53: =I53&O53 -> 459874801 48th | X53: =J53&O53 -> 459904801 48th | Y53: =IF(COUNTIF($W:$W,$X53)>0,"Check in, check out on the same day of stay "&O53,0) -> 0 | Z53: =IF(SUMPRODUCT(($O$2:$O$10000=$O53)*($I$2:$I$10000<J53)*($J$2:$J$10000>I53))>1,"Conflict","")
B54: HM33ECZCW4 | C54: Confirmed | D54: Mary Halliday | E54: +1 727-432-1383 | F54: 6 | G54: 3 | H54: 0 | I54: 45987 | J54: 45991 | K54: 4 | L54: 45895 | M54: Hidden Gem in Oakhurst Area - 4 mins to the Beach | N54: 1430.75 | O54: 106th Ave | U54: =IF(LEFT(B54,2)="HM","AIRBNB",IF(LEFT(B54,2)="HA","VRBO",IF(LEFT(B54,2)="Di","Directly","Owner staying"))) -> AIRBNB | V54: =IF(COUNTIF($I:$I,$J54)>0,"Same day check in "&COUNTIF($I:$I,$J54)&" houses",0) -> 0 | W54: =I54&O54 -> 45987106th Ave | X54: =J54&O54 -> 45991106th Ave | Y54: =IF(COUNTIF($W:$W,$X54)>0,"Check in, check out on the same day of stay "&O54,0) -> 0 | Z54: =IF(SUMPRODUCT(($O$2:$O$10000=$O54)*($I$2:$I$10000<J54)*($J$2:$J$10000>I54))>1,"Conflict","")
B55: HMEW5A9BAB | C55: Confirmed | D55: Abhishek Parikh | E55: +1 732-766-8709 | F55: 7 | G55: 1 | H55: 1 | I55: 45988 | J55: 45991 | K55: 3 | L55: 45883 | M55: Stunning house in Pinellas Park - Pool Heat Avail | N55: 2667.5 | O55: 60th St | U55: =IF(LEFT(B55,2)="HM","AIRBNB",IF(LEFT(B55,2)="HA","VRBO",IF(LEFT(B55,2)="Di","Directly","Owner staying"))) -> AIRBNB | V55: =IF(COUNTIF($I:$I,$J55)>0,"Same day check in "&COUNTIF($I:$I,$J55)&" houses",0) -> 0 | W55: =I55&O55 -> 4598860th St | X55: =J55&O55 -> 4599160th St | Y55: =IF(COUNTIF($W:$W,$X55)>0,"Check in, check out on the same day of stay "&O55,0) -> 0 | Z55: =IF(SUMPRODUCT(($O$2:$O$10000=$O55)*($I$2:$I$10000<J55)*($J$2:$J$10000>I55))>1,"Conflict","")
B56: HMH3FP42RN | C56: Confirmed | D56: Hans Launius | E56: +1 573-620-0935 | F56: 6 | G56: 0 | H56: 0 | I56: 45996 | J56: 45999 | K56: 3 | L56: 45855 | M56: Lake Valencia Cove - Pool Heating Avail | N56: 1122.29 | O56: Lake Valencia | U56: =IF(LEFT(B56,2)="HM","AIRBNB",IF(LEFT(B56,2)="HA","VRBO",IF(LEFT(B56,2)="Di","Directly","Owner staying"))) -> AIRBNB | V56: =IF(COUNTIF($I:$I,$J56)>0,"Same day check in "&COUNTIF($I:$I,$J56)&" houses",0) -> 0 | W56: =I56&O56 -> 45996Lake Valencia | X56: =J56&O56 -> 45999Lake Valencia | Y56: =IF(COUNTIF($W:$W,$X56)>0,"Check in, check out on the same day of stay "&O56,0) -> 0 | Z56: =IF(SUMPRODUCT(($O$2:$O$10000=$O56)*($I$2:$I$10000<J56)*($J$2:$J$10000>I56))>1,"Conflict","")
B57: HMZETRTFD5 | C57: Confirmed | D57: Eric Hummel | E57: +1 908-581-5345 | F57: 3 | G57: 0 | H57: 0 | I57: 46005 | J57: 46101 | K57: 96 | L57: 45701 | M57: Clearwater Poolside Phillies' Haven | N57: 21300.81 | O57: Oakdale | U57: =IF(LEFT(B57,2)="HM","AIRBNB",IF(LEFT(B57,2)="HA","VRBO",IF(LEFT(B57,2)="Di","Directly","Owner staying"))) -> AIRBNB | V57: =IF(COUNTIF($I:$I,$J57)>0,"Same day check in "&COUNTIF($I:$I,$J57)&" houses",0) -> Same day check in 2 houses | W57: =I57&O57 -> 46005Oakdale | X57: =J57&O57 -> 46101Oakdale | Y57: =IF(COUNTIF($W:$W,$X57)>0,"Check in, check out on the same day of stay "&O57,0) -> 0 | Z57: =IF(SUMPRODUCT(($O$2:$O$10000=$O57)*($I$2:$I$10000<J57)*($J$2:$J$10000>I57))>1,"Conflict","")
B58: HM3MEYH2HF | C58: Confirmed | D58: Forrest Hartwig | E58: +1 262-470-4866 | F58: 2 | G58: 0 | H58: 0 | I58: 46006 | J58: 46127 | K58: 121 | L58: 45763 | M58: Elmhurst Getaway Home w/ screened POOL | N58: 20195.4 | O58: Elmhurst | U58: =IF(LEFT(B58,2)="HM","AIRBNB",IF(LEFT(B58,2)="HA","VRBO",IF(LEFT(B58,2)="Di","Directly","Owner staying"))) -> AIRBNB | V58: =IF(COUNTIF($I:$I,$J58)>0,"Same day check in "&COUNTIF($I:$I,$J58)&" houses",0) -> 0 | W58: =I58&O58 -> 46006Elmhurst | X58: =J58&O58 -> 46127Elmhurst | Y58: =IF(COUNTIF($W:$W,$X58)>0,"Check in, check out on the same day of stay "&O58,0) -> 0 | Z58: =IF(SUMPRODUCT(($O$2:$O$10000=$O58)*($I$2:$I$10000<J58)*($J$2:$J$10000>I58))>1,"Conflict","")
B59: HA-CXPW6K | C59: Booked | D59: Amy Rice | I59: 46007 | J59: 46013 | L59: 45735 | O59: Toucan | U59: =IF(LEFT(B59,2)="HM","AIRBNB",IF(LEFT(B59,2)="HA","VRBO",IF(LEFT(B59,2)="Di","Directly","Owner staying"))) -> VRBO | V59: =IF(COUNTIF($I:$I,$J59)>0,"Same day check in "&COUNTIF($I:$I,$J59)&" houses",0) -> Same day check in 1 houses | W59: =I59&O59 -> 46007Toucan | X59: =J59&O59 -> 46013Toucan | Y59: =IF(COUNTIF($W:$W,$X59)>0,"Check in, check out on the same day of stay "&O59,0) -> 0 | Z59: =IF(SUMPRODUCT(($O$2:$O$10000=$O59)*($I$2:$I$10000<J59)*($J$2:$J$10000>I59))>1,"Conflict","")
B60: HMDYA34WPY | C60: Confirmed | D60: Richard Royer | E60: +1 902-818-0983 | F60: 8 | G60: 0 | H60: 0 | I60: 46008 | J60: 46011 | K60: 3 | L60: 45798 | M60: Lake Valencia Cove - Pool Heating Avail | N60: 1121.32 | O60: Lake Valencia | U60: =IF(LEFT(B60,2)="HM","AIRBNB",IF(LEFT(B60,2)="HA","VRBO",IF(LEFT(B60,2)="Di","Directly","Owner staying"))) -> AIRBNB | V60: =IF(COUNTIF($I:$I,$J60)>0,"Same day check in "&COUNTIF($I:$I,$J60)&" houses",0) -> Same day check in 1 houses | W60: =I60&O60 -> 46008Lake Valencia | X60: =J60&O60 -> 46011Lake Valencia | Y60: =IF(COUNTIF($W:$W,$X60)>0,"Check in, check out on the same day of stay "&O60,0) -> 0 | Z60: =IF(SUMPRODUCT(($O$2:$O$10000=$O60)*($I$2:$I$10000<J60)*($J$2:$J$10000>I60))>1,"Conflict","")
B61: HM8QYSRZJZ | C61: Confirmed | D61: Dmytro Kotlyar | E61: +380 50 310 6866 | F61: 4 | G61: 1 | H61: 0 | I61: 46009 | J61: 46013 | K61: 4 | L61: 45877 | M61: Oceanfront Getaway, boat dock, pool heating avail | N61: 1843 | O61: 11523 48th | U61: =IF(LEFT(B61,2)="HM","AIRBNB",IF(LEFT(B61,2)="HA","VRBO",IF(LEFT(B61,2)="Di","Directly","Owner staying"))) -> AIRBNB | V61: =IF(COUNTIF($I:$I,$J61)>0,"Same day check in "&COUNTIF($I:$I,$J61)&" houses",0) -> Same day check in 1 houses | W61: =I61&O61 -> 4600911523 48th | X61: =J61&O61 -> 4601311523 48th | Y61: =IF(COUNTIF($W:$W,$X61)>0,"Check in, check out on the same day of stay "&O61,0) -> Check in, check out on the same day of stay 11523 48th | Z61: =IF(SUMPRODUCT(($O$2:$O$10000=$O61)*($I$2:$I$10000<J61)*($J$2:$J$10000>I61))>1,"Conflict","")
B62: HMD42NQ22K | C62: Confirmed | D62: Blair Stuart | E62: +1 706-851-4423 | F62: 7 | G62: 0 | H62: 0 | I62: 46011 | J62: 46018 | K62: 7 | L62: 45762 | M62: Seaside Serenity Waterfront - Pool Heating Avail | N62: 3482.3 | O62: 2137 Sandpiper | U62: =IF(LEFT(B62,2)="HM","AIRBNB",IF(LEFT(B62,2)="HA","VRBO",IF(LEFT(B62,2)="Di","Directly","Owner staying"))) -> AIRBNB | V62: =IF(COUNTIF($I:$I,$J62)>0,"Same day check in "&COUNTIF($I:$I,$J62)&" houses",0) -> Same day check in 4 houses | W62: =I62&O62 -> 460112137 Sandpiper | X62: =J62&O62 -> 460182137 Sandpiper | Y62: =IF(COUNTIF($W:$W,$X62)>0,"Check in, check out on the same day of stay "&O62,0) -> 0 | Z62: =IF(SUMPRODUCT(($O$2:$O$10000=$O62)*($I$2:$I$10000<J62)*($J$2:$J$10000>I62))>1,"Conflict","")
B63: HMC3YF5K8A | C63: Confirmed | D63: Christine Cowl | E63: +1 860-759-3669 | F63: 6 | G63: 2 | H63: 1 | I63: 46012 | J63: 46019 | K63: 7 | L63: 45803 | M63: Lake Valencia Cove - Pool Heating Avail | N63: 2196.76 | O63: Lake Valencia | U63: =IF(LEFT(B63,2)="HM","AIRBNB",IF(LEFT(B63,2)="HA","VRBO",IF(LEFT(B63,2)="Di","Directly","Owner staying"))) -> AIRBNB | V63: =IF(COUNTIF($I:$I,$J63)>0,"Same day check in "&COUNTIF($I:$I,$J63)&" houses",0) -> Same day check in 1 houses | W63: =I63&O63 -> 46012Lake Valencia | X63: =J63&O63 -> 46019Lake Valencia | Y63: =IF(COUNTIF($W:$W,$X63)>0,"Check in, check out on the same day of stay "&O63,0) -> 0 | Z63: =IF(SUMPRODUCT(($O$2:$O$10000=$O63)*($I$2:$I$10000<J63)*($J$2:$J$10000>I63))>1,"Conflict","")
B64: HMHP2NRDEM | C64: Confirmed | D64: Danielle Pancer | E64: +1 416-721-6288 | F64: 4 | G64: 2 | H64: 0 | I64: 46012 | J64: 46023 | K64: 11 | L64: 45770 | M64: Pinellas Coastal: Pool & Jacuzzi Vacation Home | N64: 2839.48 | O64: 64th Street | U64: =IF(LEFT(B64,2)="HM","AIRBNB",IF(LEFT(B64,2)="HA","VRBO",IF(LEFT(B64,2)="Di","Directly","Owner staying"))) -> AIRBNB | V64: =IF(COUNTIF($I:$I,$J64)>0,"Same day check in "&COUNTIF($I:$I,$J64)&" houses",0) -> 0 | W64: =I64&O64 -> 4601264th Street | X64: =J64&O64 -> 4602364th Street | Y64: =IF(COUNTIF($W:$W,$X64)>0,"Check in, check out on the same day of stay "&O64,0) -> 0 | Z64: =IF(SUMPRODUCT(($O$2:$O$10000=$O64)*($I$2:$I$10000<J64)*($J$2:$J$10000>I64))>1,"Conflict","")
B65: HMBZB84KCN | C65: Confirmed | D65: Alex Schuba | E65: +1 541-214-5706 | F65: 2 | G65: 2 | H65: 0 | I65: 46012 | J65: 46043 | K65: 31 | L65: 45876 | M65: Intercoastal Getaway Beachside Living in Bradenton | N65: 4494.3 | O65: 47th Bradenton | U65: =IF(LEFT(B65,2)="HM","AIRBNB",IF(LEFT(B65,2)="HA","VRBO",IF(LEFT(B65,2)="Di","Directly","Owner staying"))) -> AIRBNB | V65: =IF(COUNTIF($I:$I,$J65)>0,"Same day check in "&COUNTIF($I:$I,$J65)&" houses",0) -> 0 | W65: =I65&O65 -> 4601247th Bradenton | X65: =J65&O65 -> 4604347th Bradenton | Y65: =IF(COUNTIF($W:$W,$X65)>0,"Check in, check out on the same day of stay "&O65,0) -> 0 | Z65: =IF(SUMPRODUCT(($O$2:$O$10000=$O65)*($I$2:$I$10000<J65)*($J$2:$J$10000>I65))>1,"Conflict","")
B66: HMWQC9FTJP | C66: Confirmed | D66: William Blair | E66: +1 814-574-0633 | F66: 5 | G66: 0 | H66: 0 | I66: 46013 | J66: 46020 | K66: 7 | L66: 45837 | M66: Oceanfront Getaway, boat dock, pool heating avail | N66: 2946.76 | O66: 11523 48th | U66: =IF(LEFT(B66,2)="HM","AIRBNB",IF(LEFT(B66,2)="HA","VRBO",IF(LEFT(B66,2)="Di","Directly","Owner staying"))) -> AIRBNB | V66: =IF(COUNTIF($I:$I,$J66)>0,"Same day check in "&COUNTIF($I:$I,$J66)&" houses",0) -> Same day check in 2 houses | W66: =I66&O66 -> 4601311523 48th | X66: =J66&O66 -> 4602011523 48th | Y66: =IF(COUNTIF($W:$W,$X66)>0,"Check in, check out on the same day of stay "&O66,0) -> 0 | Z66: =IF(SUMPRODUCT(($O$2:$O$10000=$O66)*($I$2:$I$10000<J66)*($J$2:$J$10000>I66))>1,"Conflict","")
B67: HMDQEHDTJE | C67: Confirmed | D67: Michael Auten | E67: +1 703-431-2544 | F67: 9 | G67: 0 | H67: 0 | I67: 46014 | J67: 46018 | K67: 4 | L67: 45849 | M67: Harbor Hills Escape - Minutes to Indian Rocks Bch | N67: 1633.48 | O67: Harbor Hills | U67: =IF(LEFT(B67,2)="HM","AIRBNB",IF(LEFT(B67,2)="HA","VRBO",IF(LEFT(B67,2)="Di","Directly","Owner staying"))) -> AIRBNB | V67: =IF(COUNTIF($I:$I,$J67)>0,"Same day check in "&COUNTIF($I:$I,$J67)&" houses",0) -> Same day check in 4 houses | W67: =I67&O67 -> 46014Harbor Hills | X67: =J67&O67 -> 46018Harbor Hills | Y67: =IF(COUNTIF($W:$W,$X67)>0,"Check in, check out on the same day of stay "&O67,0) -> 0 | Z67: =IF(SUMPRODUCT(($O$2:$O$10000=$O67)*($I$2:$I$10000<J67)*($J$2:$J$10000>I67))>1,"Conflict","")
B68: HA-2ZX1N1 | C68: Booked | D68: Rebecca Silva | I68: 46014 | J68: 46019 | L68: 45871 | O68: 60th St | U68: =IF(LEFT(B68,2)="HM","AIRBNB",IF(LEFT(B68,2)="HA","VRBO",IF(LEFT(B68,2)="Di","Directly","Owner staying"))) -> VRBO | V68: =IF(COUNTIF($I:$I,$J68)>0,"Same day check in "&COUNTIF($I:$I,$J68)&" houses",0) -> Same day check in 1 houses | W68: =I68&O68 -> 4601460th St | X68: =J68&O68 -> 4601960th St | Y68: =IF(COUNTIF($W:$W,$X68)>0,"Check in, check out on the same day of stay "&O68,0) -> Check in, check out on the same day of stay 60th St | Z68: =IF(SUMPRODUCT(($O$2:$O$10000=$O68)*($I$2:$I$10000<J68)*($J$2:$J$10000>I68))>1,"Conflict","")
B69: HMPS2NQ8ZK | C69: Confirmed | D69: Jonathan Duffy | E69: +1 704-293-2925 | F69: 10 | G69: 0 | H69: 0 | I69: 46014 | J69: 46020 | K69: 6 | L69: 45799 | M69: 5bd/3.5ba BIG House w/ POOL near Pinellas Park | N69: 3317.4 | O69: 4801 48th | U69: =IF(LEFT(B69,2)="HM","AIRBNB",IF(LEFT(B69,2)="HA","VRBO",IF(LEFT(B69,2)="Di","Directly","Owner staying"))) -> AIRBNB | V69: =IF(COUNTIF($I:$I,$J69)>0,"Same day check in "&COUNTIF($I:$I,$J69)&" houses",0) -> Same day check in 2 houses | W69: =I69&O69 -> 460144801 48th | X69: =J69&O69 -> 460204801 48th | Y69: =IF(COUNTIF($W:$W,$X69)>0,"Check in, check out on the same day of stay "&O69,0) -> 0 | Z69: =IF(SUMPRODUCT(($O$2:$O$10000=$O69)*($I$2:$I$10000<J69)*($J$2:$J$10000>I69))>1,"Conflict","")
B70: HM42S2PKQB | C70: Confirmed | D70: Amie Mayhall | E70: +1 217-932-3148 | F70: 4 | G70: 2 | H70: 0 | I70: 46015 | J70: 46018 | K70: 3 | L70: 45836 | M70: Sunrise Escape waterfront - pool heater avail | N70: 1797.41 | O70: Sunrise | U70: =IF(LEFT(B70,2)="HM","AIRBNB",IF(LEFT(B70,2)="HA","VRBO",IF(LEFT(B70,2)="Di","Directly","Owner staying"))) -> AIRBNB | V70: =IF(COUNTIF($I:$I,$J70)>0,"Same day check in "&COUNTIF($I:$I,$J70)&" houses",0) -> Same day check in 4 houses | W70: =I70&O70 -> 46015Sunrise | X70: =J70&O70 -> 46018Sunrise | Y70: =IF(COUNTIF($W:$W,$X70)>0,"Check in, check out on the same day of stay "&O70,0) -> Check in, check out on the same day of stay Sunrise | Z70: =IF(SUMPRODUCT(($O$2:$O$10000=$O70)*($I$2:$I$10000<J70)*($J$2:$J$10000>I70))>1,"Conflict","")
B71: HMJXWM8F33 | C71: Confirmed | D71: Hayley Maspero | E71: +44 7900 216760 | F71: 4 | G71: 1 | H71: 0 | I71: 46015 | J71: 46022 | K71: 7 | L71: 45769 | M71: Brookside Getaway - screened pool Clearwater | N71: 1802.55 | O71: Brookside Dr | U71: =IF(LEFT(B71,2)="HM","AIRBNB",IF(LEFT(B71,2)="HA","VRBO",IF(LEFT(B71,2)="Di","Directly","Owner staying"))) -> AIRBNB | V71: =IF(COUNTIF($I:$I,$J71)>0,"Same day check in "&COUNTIF($I:$I,$J71)&" houses",0) -> Same day check in 1 houses | W71: =I71&O71 -> 46015Brookside Dr | X71: =J71&O71 -> 46022Brookside Dr | Y71: =IF(COUNTIF($W:$W,$X71)>0,"Check in, check out on the same day of stay "&O71,0) -> 0 | Z71: =IF(SUMPRODUCT(($O$2:$O$10000=$O71)*($I$2:$I$10000<J71)*($J$2:$J$10000>I71))>1,"Conflict","")
B72: HMHMECHTWQ | C72: Confirmed | D72: George Pollock | E72: +1 765-427-6892 | F72: 7 | G72: 1 | H72: 0 | I72: 46017 | J72: 46020 | K72: 3 | L72: 45807 | M72: Coastal Breeze on 66th Avenue | N72: 1016.56 | O72: 66th Ave | U72: =IF(LEFT(B72,2)="HM","AIRBNB",IF(LEFT(B72,2)="HA","VRBO",IF(LEFT(B72,2)="Di","Directly","Owner staying"))) -> AIRBNB | V72: =IF(COUNTIF($I:$I,$J72)>0,"Same day check in "&COUNTIF($I:$I,$J72)&" houses",0) -> Same day check in 2 houses | W72: =I72&O72 -> 4601766th Ave | X72: =J72&O72 -> 4602066th Ave | Y72: =IF(COUNTIF($W:$W,$X72)>0,"Check in, check out on the same day of stay "&O72,0) -> 0 | Z72: =IF(SUMPRODUCT(($O$2:$O$10000=$O72)*($I$2:$I$10000<J72)*($J$2:$J$10000>I72))>1,"Conflict","")
B73: HMFHWCET8J | C73: Confirmed | D73: Lisa Magorien | E73: +1 805-341-1874 | F73: 12 | G73: 4 | H73: 1 | I73: 46017 | J73: 46023 | K73: 6 | L73: 45735 | M73: Lancaster Perfect Vacation - Pool Heating Avail | N73: 5432 | O73: Lancaster | U73: =IF(LEFT(B73,2)="HM","AIRBNB",IF(LEFT(B73,2)="HA","VRBO",IF(LEFT(B73,2)="Di","Directly","Owner staying"))) -> AIRBNB | V73: =IF(COUNTIF($I:$I,$J73)>0,"Same day check in "&COUNTIF($I:$I,$J73)&" houses",0) -> 0 | W73: =I73&O73 -> 46017Lancaster | X73: =J73&O73 -> 46023Lancaster | Y73: =IF(COUNTIF($W:$W,$X73)>0,"Check in, check out on the same day of stay "&O73,0) -> 0 | Z73: =IF(SUMPRODUCT(($O$2:$O$10000=$O73)*($I$2:$I$10000<J73)*($J$2:$J$10000>I73))>1,"Conflict","")
B74: HMZE8BT5AC | C74: Confirmed | D74: Kathrin MĂ¼ller | E74: +49 174 7491586 | F74: 6 | G74: 3 | H74: 0 | I74: 46018 | J74: 46025 | K74: 7 | L74: 45755 | M74: Sunny Retreat w/ screened Pool, near Madeira Beach | N74: 3040.17 | O74: 52nd Ave | U74: =IF(LEFT(B74,2)="HM","AIRBNB",IF(LEFT(B74,2)="HA","VRBO",IF(LEFT(B74,2)="Di","Directly","Owner staying"))) -> AIRBNB | V74: =IF(COUNTIF($I:$I,$J74)>0,"Same day check in "&COUNTIF($I:$I,$J74)&" houses",0) -> 0 | W74: =I74&O74 -> 4601852nd Ave | X74: =J74&O74 -> 4602552nd Ave | Y74: =IF(COUNTIF($W:$W,$X74)>0,"Check in, check out on the same day of stay "&O74,0) -> 0 | Z74: =IF(SUMPRODUCT(($O$2:$O$10000=$O74)*($I$2:$I$10000<J74)*($J$2:$J$10000>I74))>1,"Conflict","")
B75: HM8MMSHNJQ | C75: Confirmed | D75: Grant Gatzen | E75: +1 860-205-6792 | F75: 5 | G75: 1 | H75: 0 | I75: 46018 | J75: 46025 | K75: 7 | L75: 45748 | M75: Sunrise Escape waterfront - pool heater avail | N75: 3561.06 | O75: Sunrise | U75: =IF(LEFT(B75,2)="HM","AIRBNB",IF(LEFT(B75,2)="HA","VRBO",IF(LEFT(B75,2)="Di","Directly","Owner staying"))) -> AIRBNB | V75: =IF(COUNTIF($I:$I,$J75)>0,"Same day check in "&COUNTIF($I:$I,$J75)&" houses",0) -> 0 | W75: =I75&O75 -> 46018Sunrise | X75: =J75&O75 -> 46025Sunrise | Y75: =IF(COUNTIF($W:$W,$X75)>0,"Check in, check out on the same day of stay "&O75,0) -> 0 | Z75: =IF(SUMPRODUCT(($O$2:$O$10000=$O75)*($I$2:$I$10000<J75)*($J$2:$J$10000>I75))>1,"Conflict","")
B76: HA-Q5Y43S | C76: Booked | D76: Lina Kieliene | I76: 46018 | J76: 46025 | L76: 45877 | O76: 1860 Sunrise | U76: =IF(LEFT(B76,2)="HM","AIRBNB",IF(LEFT(B76,2)="HA","VRBO",IF(LEFT(B76,2)="Di","Directly","Owner staying"))) -> VRBO | V76: =IF(COUNTIF($I:$I,$J76)>0,"Same day check in "&COUNTIF($I:$I,$J76)&" houses",0) -> 0 | W76: =I76&O76 -> 460181860 Sunrise | X76: =J76&O76 -> 460251860 Sunrise | Y76: =IF(COUNTIF($W:$W,$X76)>0,"Check in, check out on the same day of stay "&O76,0) -> 0 | Z76: =IF(SUMPRODUCT(($O$2:$O$10000=$O76)*($I$2:$I$10000<J76)*($J$2:$J$10000>I76))>1,"Conflict","")
B77: HMN4YQY8WD | C77: Confirmed | D77: Priscilla Ameyaw | E77: +1 727-458-5422 | F77: 4 | G77: 7 | H77: 0 | I77: 46018 | J77: 46026 | K77: 8 | L77: 45859 | M77: Splashy Getaway - 15 mins to Clearwater Beach | N77: 2155.73 | O77: Canterbury | U77: =IF(LEFT(B77,2)="HM","AIRBNB",IF(LEFT(B77,2)="HA","VRBO",IF(LEFT(B77,2)="Di","Directly","Owner staying"))) -> AIRBNB | V77: =IF(COUNTIF($I:$I,$J77)>0,"Same day check in "&COUNTIF($I:$I,$J77)&" houses",0) -> Same day check in 1 houses | W77: =I77&O77 -> 46018Canterbury | X77: =J77&O77 -> 46026Canterbury | Y77: =IF(COUNTIF($W:$W,$X77)>0,"Check in, check out on the same day of stay "&O77,0) -> Check in, check out on the same day of stay Canterbury | Z77: =IF(SUMPRODUCT(($O$2:$O$10000=$O77)*($I$2:$I$10000<J77)*($J$2:$J$10000>I77))>1,"Conflict","")
B78: HMWMCWEZ5S | C78: Confirmed | D78: Tasha Zerna | E78: +1 612-306-9526 | F78: 7 | G78: 2 | H78: 0 | I78: 46019 | J78: 46024 | K78: 5 | L78: 45862 | M78: Stunning house in Pinellas Park - Pool Heat Avail | N78: 2910 | O78: 60th St | U78: =IF(LEFT(B78,2)="HM","AIRBNB",IF(LEFT(B78,2)="HA","VRBO",IF(LEFT(B78,2)="Di","Directly","Owner staying"))) -> AIRBNB | V78: =IF(COUNTIF($I:$I,$J78)>0,"Same day check in "&COUNTIF($I:$I,$J78)&" houses",0) -> 0 | W78: =I78&O78 -> 4601960th St | X78: =J78&O78 -> 4602460th St | Y78: =IF(COUNTIF($W:$W,$X78)>0,"Check in, check out on the same day of stay "&O78,0) -> 0 | Z78: =IF(SUMPRODUCT(($O$2:$O$10000=$O78)*($I$2:$I$10000<J78)*($J$2:$J$10000>I78))>1,"Conflict","")
B79: HM5ACJFT9W | C79: Confirmed | D79: Karthik Chidambaram | E79: +1 425-442-7088 | F79: 7 | G79: 4 | H79: 0 | I79: 46020 | J79: 46023 | K79: 3 | L79: 45823 | M79: Waterfront w/ POOL, few mins from the BEACH | N79: 1940 | O79: Harborwood Dr | U79: =IF(LEFT(B79,2)="HM","AIRBNB",IF(LEFT(B79,2)="HA","VRBO",IF(LEFT(B79,2)="Di","Directly","Owner staying"))) -> AIRBNB | V79: =IF(COUNTIF($I:$I,$J79)>0,"Same day check in "&COUNTIF($I:$I,$J79)&" houses",0) -> 0 | W79: =I79&O79 -> 46020Harborwood Dr | X79: =J79&O79 -> 46023Harborwood Dr | Y79: =IF(COUNTIF($W:$W,$X79)>0,"Check in, check out on the same day of stay "&O79,0) -> 0 | Z79: =IF(SUMPRODUCT(($O$2:$O$10000=$O79)*($I$2:$I$10000<J79)*($J$2:$J$10000>I79))>1,"Conflict","")
B80: HMNATWATFC | C80: Confirmed | D80: Elizabeth Castillo | E80: +1 862-215-0541 | F80: 10 | G80: 0 | H80: 0 | I80: 46020 | J80: 46025 | K80: 5 | L80: 45889 | M80: Hidden Gem in Oakhurst Area - 4 mins to the Beach | N80: 1721.75 | O80: 106th Ave | U80: =IF(LEFT(B80,2)="HM","AIRBNB",IF(LEFT(B80,2)="HA","VRBO",IF(LEFT(B80,2)="Di","Directly","Owner staying"))) -> AIRBNB | V80: =IF(COUNTIF($I:$I,$J80)>0,"Same day check in "&COUNTIF($I:$I,$J80)&" houses",0) -> 0 | W80: =I80&O80 -> 46020106th Ave | X80: =J80&O80 -> 46025106th Ave | Y80: =IF(COUNTIF($W:$W,$X80)>0,"Check in, check out on the same day of stay "&O80,0) -> 0 | Z80: =IF(SUMPRODUCT(($O$2:$O$10000=$O80)*($I$2:$I$10000<J80)*($J$2:$J$10000>I80))>1,"Conflict","")
B81: HMM9DTWCZD | C81: Confirmed | D81: Tara Smith | E81: +52 322 150 5774 | F81: 3 | G81: 0 | H81: 0 | I81: 46022 | J81: 46025 | K81: 3 | L81: 45795 | M81: Oceanfront Getaway, boat dock, pool heating avail | N81: 1609.23 | O81: 11523 48th | U81: =IF(LEFT(B81,2)="HM","AIRBNB",IF(LEFT(B81,2)="HA","VRBO",IF(LEFT(B81,2)="Di","Directly","Owner staying"))) -> AIRBNB | V81: =IF(COUNTIF($I:$I,$J81)>0,"Same day check in "&COUNTIF($I:$I,$J81)&" houses",0) -> 0 | W81: =I81&O81 -> 4602211523 48th | X81: =J81&O81 -> 4602511523 48th | Y81: =IF(COUNTIF($W:$W,$X81)>0,"Check in, check out on the same day of stay "&O81,0) -> 0 | Z81: =IF(SUMPRODUCT(($O$2:$O$10000=$O81)*($I$2:$I$10000<J81)*($J$2:$J$10000>I81))>1,"Conflict","")
B82: Owner staying | C82: Owner staying | D82: Mike Lam | I82: 46026 | J82: 46081 | O82: Canterbury | U82: =IF(LEFT(B82,2)="HM","AIRBNB",IF(LEFT(B82,2)="HA","VRBO",IF(LEFT(B82,2)="Di","Directly","Owner staying"))) -> Owner staying | V82: =IF(COUNTIF($I:$I,$J82)>0,"Same day check in "&COUNTIF($I:$I,$J82)&" houses",0) -> Same day check in 1 houses | W82: =I82&O82 -> 46026Canterbury | X82: =J82&O82 -> 46081Canterbury | Y82: =IF(COUNTIF($W:$W,$X82)>0,"Check in, check out on the same day of stay "&O82,0) -> 0 | Z82: =IF(SUMPRODUCT(($O$2:$O$10000=$O82)*($I$2:$I$10000<J82)*($J$2:$J$10000>I82))>1,"Conflict","")
B83: HMFFWSAZ4P | C83: Confirmed | D83: Lisa Creeth | E83: +1 773-875-1623 | F83: 3 | G83: 0 | H83: 0 | I83: 46027 | J83: 46081 | K83: 54 | L83: 45784 | M83: Huston Lane Vacation Pool House Indian Rocks Beach | N83: 10329.34 | O83: Huston | U83: =IF(LEFT(B83,2)="HM","AIRBNB",IF(LEFT(B83,2)="HA","VRBO",IF(LEFT(B83,2)="Di","Directly","Owner staying"))) -> AIRBNB | V83: =IF(COUNTIF($I:$I,$J83)>0,"Same day check in "&COUNTIF($I:$I,$J83)&" houses",0) -> Same day check in 1 houses | W83: =I83&O83 -> 46027Huston | X83: =J83&O83 -> 46081Huston | Y83: =IF(COUNTIF($W:$W,$X83)>0,"Check in, check out on the same day of stay "&O83,0) -> 0 | Z83: =IF(SUMPRODUCT(($O$2:$O$10000=$O83)*($I$2:$I$10000<J83)*($J$2:$J$10000>I83))>1,"Conflict","")
B84: HMZ4W3TMYF | C84: Confirmed | D84: Ashley Wolff | E84: +1 952-529-1182 | F84: 6 | G84: 0 | H84: 0 | I84: 46044 | J84: 46048 | K84: 4 | L84: 45857 | M84: Oceanfront Getaway, boat dock, pool heating avail | N84: 1843 | O84: 11523 48th | U84: =IF(LEFT(B84,2)="HM","AIRBNB",IF(LEFT(B84,2)="HA","VRBO",IF(LEFT(B84,2)="Di","Directly","Owner staying"))) -> AIRBNB | V84: =IF(COUNTIF($I:$I,$J84)>0,"Same day check in "&COUNTIF($I:$I,$J84)&" houses",0) -> 0 | W84: =I84&O84 -> 4604411523 48th | X84: =J84&O84 -> 4604811523 48th | Y84: =IF(COUNTIF($W:$W,$X84)>0,"Check in, check out on the same day of stay "&O84,0) -> 0 | Z84: =IF(SUMPRODUCT(($O$2:$O$10000=$O84)*($I$2:$I$10000<J84)*($J$2:$J$10000>I84))>1,"Conflict","")
B85: HM29PYC994 | C85: Confirmed | D85: Marwan Ismail | E85: +1 734-645-4899 | F85: 5 | G85: 1 | H85: 0 | I85: 46047 | J85: 46060 | K85: 13 | L85: 45872 | M85: Lake Valencia Cove - Pool Heating Avail | N85: 3803.95 | O85: Lake Valencia | U85: =IF(LEFT(B85,2)="HM","AIRBNB",IF(LEFT(B85,2)="HA","VRBO",IF(LEFT(B85,2)="Di","Directly","Owner staying"))) -> AIRBNB | V85: =IF(COUNTIF($I:$I,$J85)>0,"Same day check in "&COUNTIF($I:$I,$J85)&" houses",0) -> 0 | W85: =I85&O85 -> 46047Lake Valencia | X85: =J85&O85 -> 46060Lake Valencia | Y85: =IF(COUNTIF($W:$W,$X85)>0,"Check in, check out on the same day of stay "&O85,0) -> 0 | Z85: =IF(SUMPRODUCT(($O$2:$O$10000=$O85)*($I$2:$I$10000<J85)*($J$2:$J$10000>I85))>1,"Conflict","")
B86: HMHTTCA2MB | C86: Confirmed | D86: Thomas Rizzo | E86: +1 716-440-2474 | F86: 6 | G86: 0 | H86: 0 | I86: 46047 | J86: 46090 | K86: 43 | L86: 45868 | M86: Intercoastal Getaway Beachside Living in Bradenton | N86: 6000.42 | O86: 47th Bradenton | U86: =IF(LEFT(B86,2)="HM","AIRBNB",IF(LEFT(B86,2)="HA","VRBO",IF(LEFT(B86,2)="Di","Directly","Owner staying"))) -> AIRBNB | V86: =IF(COUNTIF($I:$I,$J86)>0,"Same day check in "&COUNTIF($I:$I,$J86)&" houses",0) -> 0 | W86: =I86&O86 -> 4604747th Bradenton | X86: =J86&O86 -> 4609047th Bradenton | Y86: =IF(COUNTIF($W:$W,$X86)>0,"Check in, check out on the same day of stay "&O86,0) -> 0 | Z86: =IF(SUMPRODUCT(($O$2:$O$10000=$O86)*($I$2:$I$10000<J86)*($J$2:$J$10000>I86))>1,"Conflict","")
B87: HMBRMCNX82 | C87: Confirmed | D87: Cherryl Graham | E87: +1 610-608-5776 | F87: 2 | G87: 0 | H87: 0 | I87: 46047 | J87: 46095 | K87: 48 | L87: 45710 | M87: Winfield Escape w/ Heated Pool Option â€“ Clearwater | N87: 13526.65 | O87: Winfield | U87: =IF(LEFT(B87,2)="HM","AIRBNB",IF(LEFT(B87,2)="HA","VRBO",IF(LEFT(B87,2)="Di","Directly","Owner staying"))) -> AIRBNB | V87: =IF(COUNTIF($I:$I,$J87)>0,"Same day check in "&COUNTIF($I:$I,$J87)&" houses",0) -> Same day check in 3 houses | W87: =I87&O87 -> 46047Winfield | X87: =J87&O87 -> 46095Winfield | Y87: =IF(COUNTIF($W:$W,$X87)>0,"Check in, check out on the same day of stay "&O87,0) -> 0 | Z87: =IF(SUMPRODUCT(($O$2:$O$10000=$O87)*($I$2:$I$10000<J87)*($J$2:$J$10000>I87))>1,"Conflict","")
B88: HM4HCYB8KB | C88: Confirmed | D88: Janie Lincoln | E88: +1 309-292-1318 | F88: 2 | G88: 0 | H88: 0 | I88: 46053 | J88: 46067 | K88: 14 | L88: 45748 | M88: Pinellas' Beaches Hideaway with jacuzzi | N88: 2788.17 | O88: 80th | U88: =IF(LEFT(B88,2)="HM","AIRBNB",IF(LEFT(B88,2)="HA","VRBO",IF(LEFT(B88,2)="Di","Directly","Owner staying"))) -> AIRBNB | V88: =IF(COUNTIF($I:$I,$J88)>0,"Same day check in "&COUNTIF($I:$I,$J88)&" houses",0) -> Same day check in 2 houses | W88: =I88&O88 -> 4605380th | X88: =J88&O88 -> 4606780th | Y88: =IF(COUNTIF($W:$W,$X88)>0,"Check in, check out on the same day of stay "&O88,0) -> 0 | Z88: =IF(SUMPRODUCT(($O$2:$O$10000=$O88)*($I$2:$I$10000<J88)*($J$2:$J$10000>I88))>1,"Conflict","")
B89: HMC2EWAR2Y | C89: Confirmed | D89: Amy Lynn Burger | E89: +1 414-336-6118 | F89: 4 | G89: 0 | H89: 0 | I89: 46054 | J89: 46081 | K89: 27 | L89: 45736 | M89: Pinellas Coastal: Pool & Jacuzzi Vacation Home | N89: 5984.03 | O89: 64th Street | U89: =IF(LEFT(B89,2)="HM","AIRBNB",IF(LEFT(B89,2)="HA","VRBO",IF(LEFT(B89,2)="Di","Directly","Owner staying"))) -> AIRBNB | V89: =IF(COUNTIF($I:$I,$J89)>0,"Same day check in "&COUNTIF($I:$I,$J89)&" houses",0) -> Same day check in 1 houses | W89: =I89&O89 -> 4605464th Street | X89: =J89&O89 -> 4608164th Street | Y89: =IF(COUNTIF($W:$W,$X89)>0,"Check in, check out on the same day of stay "&O89,0) -> 0 | Z89: =IF(SUMPRODUCT(($O$2:$O$10000=$O89)*($I$2:$I$10000<J89)*($J$2:$J$10000>I89))>1,"Conflict","")
B90: HMEERYW85E | C90: Confirmed | D90: Dale Stearman | E90: +1 502-931-3350 | F90: 2 | G90: 0 | H90: 0 | I90: 46054 | J90: 46085 | K90: 31 | L90: 45800 | M90: Lealman - Traveler's Corner | N90: 3422.89 | O90: 4801 49th | U90: =IF(LEFT(B90,2)="HM","AIRBNB",IF(LEFT(B90,2)="HA","VRBO",IF(LEFT(B90,2)="Di","Directly","Owner staying"))) -> AIRBNB | V90: =IF(COUNTIF($I:$I,$J90)>0,"Same day check in "&COUNTIF($I:$I,$J90)&" houses",0) -> 0 | W90: =I90&O90 -> 460544801 49th | X90: =J90&O90 -> 460854801 49th | Y90: =IF(COUNTIF($W:$W,$X90)>0,"Check in, check out on the same day of stay "&O90,0) -> 0 | Z90: =IF(SUMPRODUCT(($O$2:$O$10000=$O90)*($I$2:$I$10000<J90)*($J$2:$J$10000>I90))>1,"Conflict","")
B91: HA-TS2BBS | C91: Booked | D91: Arin Elser | I91: 46057 | J91: 46064 | L91: 45765 | O91: 65th Terr | U91: =IF(LEFT(B91,2)="HM","AIRBNB",IF(LEFT(B91,2)="HA","VRBO",IF(LEFT(B91,2)="Di","Directly","Owner staying"))) -> VRBO | V91: =IF(COUNTIF($I:$I,$J91)>0,"Same day check in "&COUNTIF($I:$I,$J91)&" houses",0) -> 0 | W91: =I91&O91 -> 4605765th Terr | X91: =J91&O91 -> 4606465th Terr | Y91: =IF(COUNTIF($W:$W,$X91)>0,"Check in, check out on the same day of stay "&O91,0) -> 0 | Z91: =IF(SUMPRODUCT(($O$2:$O$10000=$O91)*($I$2:$I$10000<J91)*($J$2:$J$10000>I91))>1,"Conflict","")
B92: HMSFKMXACN | C92: Confirmed | D92: Kenn Ritchey | E92: +1 314-651-2458 | F92: 2 | G92: 0 | H92: 0 | I92: 46058 | J92: 46065 | K92: 7 | L92: 45877 | M92: Oceanfront Getaway, boat dock, pool heating avail | N92: 2932.94 | O92: 11523 48th | U92: =IF(LEFT(B92,2)="HM","AIRBNB",IF(LEFT(B92,2)="HA","VRBO",IF(LEFT(B92,2)="Di","Directly","Owner staying"))) -> AIRBNB | V92: =IF(COUNTIF($I:$I,$J92)>0,"Same day check in "&COUNTIF($I:$I,$J92)&" houses",0) -> Same day check in 1 houses | W92: =I92&O92 -> 4605811523 48th | X92: =J92&O92 -> 4606511523 48th | Y92: =IF(COUNTIF($W:$W,$X92)>0,"Check in, check out on the same day of stay "&O92,0) -> Check in, check out on the same day of stay 11523 48th | Z92: =IF(SUMPRODUCT(($O$2:$O$10000=$O92)*($I$2:$I$10000<J92)*($J$2:$J$10000>I92))>1,"Conflict","")
B93: HMBANJ2MQ9 | C93: Confirmed | D93: Elli Horner | E93: +1 514-947-1566 | F93: 6 | G93: 2 | H93: 0 | I93: 46061 | J93: 46068 | K93: 7 | L93: 45746 | M93: Lake Valencia Cove - Pool Heating Avail | N93: 2191.52 | O93: Lake Valencia | U93: =IF(LEFT(B93,2)="HM","AIRBNB",IF(LEFT(B93,2)="HA","VRBO",IF(LEFT(B93,2)="Di","Directly","Owner staying"))) -> AIRBNB | V93: =IF(COUNTIF($I:$I,$J93)>0,"Same day check in "&COUNTIF($I:$I,$J93)&" houses",0) -> 0 | W93: =I93&O93 -> 46061Lake Valencia | X93: =J93&O93 -> 46068Lake Valencia | Y93: =IF(COUNTIF($W:$W,$X93)>0,"Check in, check out on the same day of stay "&O93,0) -> 0 | Z93: =IF(SUMPRODUCT(($O$2:$O$10000=$O93)*($I$2:$I$10000<J93)*($J$2:$J$10000>I93))>1,"Conflict","")
B94: HA-2CWMW4 | C94: Booked | D94: Jim Conyers | I94: 46061 | J94: 46081 | L94: 45848 | O94: Harbor Hills | U94: =IF(LEFT(B94,2)="HM","AIRBNB",IF(LEFT(B94,2)="HA","VRBO",IF(LEFT(B94,2)="Di","Directly","Owner staying"))) -> VRBO | V94: =IF(COUNTIF($I:$I,$J94)>0,"Same day check in "&COUNTIF($I:$I,$J94)&" houses",0) -> Same day check in 1 houses | W94: =I94&O94 -> 46061Harbor Hills | X94: =J94&O94 -> 46081Harbor Hills | Y94: =IF(COUNTIF($W:$W,$X94)>0,"Check in, check out on the same day of stay "&O94,0) -> 0 | Z94: =IF(SUMPRODUCT(($O$2:$O$10000=$O94)*($I$2:$I$10000<J94)*($J$2:$J$10000>I94))>1,"Conflict","")
B95: HMBAKBAC2N | C95: Confirmed | D95: Courtney Glazer | E95: +1 314-536-1345 | F95: 1 | G95: 0 | H95: 0 | I95: 46065 | J95: 46069 | K95: 4 | L95: 45823 | M95: Oceanfront Getaway, boat dock, pool heating avail | N95: 1945.82 | O95: 11523 48th | U95: =IF(LEFT(B95,2)="HM","AIRBNB",IF(LEFT(B95,2)="HA","VRBO",IF(LEFT(B95,2)="Di","Directly","Owner staying"))) -> AIRBNB | V95: =IF(COUNTIF($I:$I,$J95)>0,"Same day check in "&COUNTIF($I:$I,$J95)&" houses",0) -> Same day check in 1 houses | W95: =I95&O95 -> 4606511523 48th | X95: =J95&O95 -> 4606911523 48th | Y95: =IF(COUNTIF($W:$W,$X95)>0,"Check in, check out on the same day of stay "&O95,0) -> 0 | Z95: =IF(SUMPRODUCT(($O$2:$O$10000=$O95)*($I$2:$I$10000<J95)*($J$2:$J$10000>I95))>1,"Conflict","")
B96: HMBME39FW2 | C96: Confirmed | D96: Brian McCaskey | E96: +1 734-233-5472 | F96: 2 | G96: 0 | H96: 0 | I96: 46066 | J96: 46095 | K96: 29 | L96: 45744 | M96: 49th Ave Gem in Lealman area | N96: 2978.29 | O96: 4877 49th Ave N | U96: =IF(LEFT(B96,2)="HM","AIRBNB",IF(LEFT(B96,2)="HA","VRBO",IF(LEFT(B96,2)="Di","Directly","Owner staying"))) -> AIRBNB | V96: =IF(COUNTIF($I:$I,$J96)>0,"Same day check in "&COUNTIF($I:$I,$J96)&" houses",0) -> Same day check in 3 houses | W96: =I96&O96 -> 460664877 49th Ave N | X96: =J96&O96 -> 460954877 49th Ave N | Y96: =IF(COUNTIF($W:$W,$X96)>0,"Check in, check out on the same day of stay "&O96,0) -> 0 | Z96: =IF(SUMPRODUCT(($O$2:$O$10000=$O96)*($I$2:$I$10000<J96)*($J$2:$J$10000>I96))>1,"Conflict","")
B97: HMWTNNHCAR | C97: Confirmed | D97: Alex Shields | E97: +1 585-307-9013 | F97: 6 | G97: 4 | H97: 0 | I97: 46067 | J97: 46074 | K97: 7 | L97: 45870 | M97: Hidden Gem in Oakhurst Area - 4 mins to the Beach | N97: 1881.8 | O97: 106th Ave | U97: =IF(LEFT(B97,2)="HM","AIRBNB",IF(LEFT(B97,2)="HA","VRBO",IF(LEFT(B97,2)="Di","Directly","Owner staying"))) -> AIRBNB | V97: =IF(COUNTIF($I:$I,$J97)>0,"Same day check in "&COUNTIF($I:$I,$J97)&" houses",0) -> Same day check in 1 houses | W97: =I97&O97 -> 46067106th Ave | X97: =J97&O97 -> 46074106th Ave | Y97: =IF(COUNTIF($W:$W,$X97)>0,"Check in, check out on the same day of stay "&O97,0) -> 0 | Z97: =IF(SUMPRODUCT(($O$2:$O$10000=$O97)*($I$2:$I$10000<J97)*($J$2:$J$10000>I97))>1,"Conflict","")
B98: HA-1TKY33 | C98: Booked | D98: Vivian Baker | I98: 46067 | J98: 46081 | L98: 45758 | O98: 60th St | U98: =IF(LEFT(B98,2)="HM","AIRBNB",IF(LEFT(B98,2)="HA","VRBO",IF(LEFT(B98,2)="Di","Directly","Owner staying"))) -> VRBO | V98: =IF(COUNTIF($I:$I,$J98)>0,"Same day check in "&COUNTIF($I:$I,$J98)&" houses",0) -> Same day check in 1 houses | W98: =I98&O98 -> 4606760th St | X98: =J98&O98 -> 4608160th St | Y98: =IF(COUNTIF($W:$W,$X98)>0,"Check in, check out on the same day of stay "&O98,0) -> 0 | Z98: =IF(SUMPRODUCT(($O$2:$O$10000=$O98)*($I$2:$I$10000<J98)*($J$2:$J$10000>I98))>1,"Conflict","")
B99: HM8BRQHAYK | C99: Confirmed | D99: Sarah Vonsoosten | E99: +1 231-499-9421 | F99: 7 | G99: 0 | H99: 0 | I99: 46069 | J99: 46073 | K99: 4 | L99: 45816 | M99: Sunrise Escape waterfront - pool heater avail | N99: 2268.83 | O99: Sunrise | U99: =IF(LEFT(B99,2)="HM","AIRBNB",IF(LEFT(B99,2)="HA","VRBO",IF(LEFT(B99,2)="Di","Directly","Owner staying"))) -> AIRBNB | V99: =IF(COUNTIF($I:$I,$J99)>0,"Same day check in "&COUNTIF($I:$I,$J99)&" houses",0) -> Same day check in 2 houses | W99: =I99&O99 -> 46069Sunrise | X99: =J99&O99 -> 46073Sunrise | Y99: =IF(COUNTIF($W:$W,$X99)>0,"Check in, check out on the same day of stay "&O99,0) -> 0 | Z99: =IF(SUMPRODUCT(($O$2:$O$10000=$O99)*($I$2:$I$10000<J99)*($J$2:$J$10000>I99))>1,"Conflict","")
B100: Directly | C100: Booked | D100: Steven Watts | I100: 46070 | J100: 46114 | K100: 44 | N100: 7240 | O100: 80th | U100: =IF(LEFT(B100,2)="HM","AIRBNB",IF(LEFT(B100,2)="HA","VRBO",IF(LEFT(B100,2)="Di","Directly","Owner staying"))) -> Directly | V100: =IF(COUNTIF($I:$I,$J100)>0,"Same day check in "&COUNTIF($I:$I,$J100)&" houses",0) -> Same day check in 1 houses | W100: =I100&O100 -> 4607080th | X100: =J100&O100 -> 4611480th | Y100: =IF(COUNTIF($W:$W,$X100)>0,"Check in, check out on the same day of stay "&O100,0) -> 0 | Z100: =IF(SUMPRODUCT(($O$2:$O$10000=$O100)*($I$2:$I$10000<J100)*($J$2:$J$10000>I100))>1,"Conflict","")
...

Sheet Heat pool Pack n’ play
A1: Confirmation code | B1: Status | C1: Guest name | D1: Contact | E1: # of adults | F1: # of children | G1: # of infants | H1: Start date | I1: End date | J1: # of nights | K1: Booked | L1: Listing | M1: Earnings | N1: Properties | Q1: Walk Through before guest check in | S1: Clean up after guests check out | T1: Airbnb/VRBO | U1: Heat Pool | V1: Pack n’ play | W1: Early Checkin
A2: HMQ9BNFWDK | B2: Currently hosting | C2: Linda Wendling | D2: +1 586-747-4054 | E2: 5 | F2: 2 | G2: 0 | H2: 45744 | I2: 45752 | J2: 8 | K2: 45500 | L2: Lake Valencia Cove - Pool Heating Avail | M2: 2970.24 | N2: Lake Valencia | T2: =IF(LEFT(A2,2)="HM","AIRBNB",IF(LEFT(A2,2)="HA","VRBO",IF(LEFT(A2,2)="Di","Directly","Owner staying"))) -> AIRBNB | U2: The heat on 7 days
A3: HM555YMH3M | B3: Confirmed | C3: Bette Nguyen | D3: +1 402-730-4938 | E3: 7 | F3: 0 | G3: 0 | H3: 45751 | I3: 45754 | J3: 3 | K3: 45674 | L3: Stunning house in Pinellas Park - Pool Heat Avail | M3: 1891.5 | N3: 60th St | T3: =IF(LEFT(A3,2)="HM","AIRBNB",IF(LEFT(A3,2)="HA","VRBO",IF(LEFT(A3,2)="Di","Directly","Owner staying"))) -> AIRBNB | U3: 04/04 to 04/07 (3 nights)
A4: HMWQNNBBA2 | B4: Confirmed | C4: Dianna Seda | D4: +1 630-476-1434 | E4: 3 | F4: 0 | G4: 0 | H4: 45752 | I4: 45755 | J4: 3 | K4: 45742 | L4: Lake Valencia Cove - Pool Heating Avail | M4: 1091.25 | N4: Lake Valencia | T4: =IF(LEFT(A4,2)="HM","AIRBNB",IF(LEFT(A4,2)="HA","VRBO",IF(LEFT(A4,2)="Di","Directly","Owner staying"))) -> AIRBNB | U4: The heat on April 5, 6, 7
A5: HA-F9W9VL | B5: Booked | C5: Michael Beck | H5: 45757 | I5: 45762 | K5: 45702 | M5: 2748.3 | N5: 60th St | T5: =IF(LEFT(A5,2)="HM","AIRBNB",IF(LEFT(A5,2)="HA","VRBO",IF(LEFT(A5,2)="Di","Directly","Owner staying"))) -> VRBO | V5: Requested
A6: HMBJ3ZQXCK | B6: Currently hosting | C6: Claire Haynes | D6: +1 262-744-2444 | E6: 16 | F6: 0 | G6: 0 | H6: 45750 | I6: 45753 | J6: 3 | K6: 45612 | L6: Lancaster Perfect Vacation - Pool Heating Avail | M6: 2667.5 | N6: Lancaster | T6: =IF(LEFT(A6,2)="HM","AIRBNB",IF(LEFT(A6,2)="HA","VRBO",IF(LEFT(A6,2)="Di","Directly","Owner staying"))) -> AIRBNB | U6: 04/03 to 04/06 FREE
A7: HM4DWT8NB9 | B7: Confirmed | C7: Sarah Young | D7: +1 757-897-9901 | E7: 5 | F7: 0 | G7: 0 | H7: 45753 | I7: 45758 | J7: 5 | K7: 45717 | L7: Seaside Serenity Waterfront - Pool Heating Avail | M7: 2279.5 | N7: 2137 Sandpiper | T7: =IF(LEFT(A7,2)="HM","AIRBNB",IF(LEFT(A7,2)="HA","VRBO",IF(LEFT(A7,2)="Di","Directly","Owner staying"))) -> AIRBNB | U7: 04/06 to 04/10 4 nights
A8: HMYB9X95A3 | B8: Currently hosting | C8: Lyn Jacobs | D8: +1 214-450-6667 | E8: 8 | F8: 0 | G8: 0 | H8: 45834 | I8: 45837 | J8: 3 | K8: 45758 | L8: St. Pete's Joy Lounge & Pickleball Escape | M8: 792.49 | N8: 4760 48th Ave | V8: Requested

Sheet Day by Day Cleaning Priority
A1: 45209 | C1: 45210 | E1: 45211 | G1: 45212 | I1: 45213 | K1: 45214 | M1: 45215 | O1: 45216 | Q1: 45217 | S1: 45218 | U1: 45219 | W1: 45220 | Y1: 45221 | AA1: 45222 | AC1: 45223 | AE1: 45224 | AG1: 45225 | AI1: 45226 | AK1: 45227 | AM1: 45228 | AO1: 45229 | AQ1: 45230 | AS1: 45231 | AU1: 45232 | AW1: 45233 | AY1: 45234 | BA1: 45235 | BC1: 45236 | BE1: 45237 | BG1: 45238 | BI1: 45239 | BK1: 45240 | BM1: 45241 | BO1: 45242 | BQ1: 45243 | BS1: 45244 | BU1: 45245 | BW1: 45246 | BY1: 45247 | CA1: 45248 | CC1: 45249 | CE1: 45250 | CG1: 45251 | CI1: 45252 | CK1: 45253 | CM1: 45254 | CO1: 45255 | CQ1: 45256 | CS1: 45257 | CU1: 45258 | CW1: 45259 | CY1: 45260 | DA1: 45261 | DC1: 45262 | DE1: 45263 | DG1: 45264 | DI1: 45265 | DK1: 45266 | DM1: 45267 | DO1: 45268 | DQ1: 45269 | DS1: 45270 | DU1: 45271 | DW1: 45272 | DY1: 45273 | EA1: 45274 | EC1: 45275 | EE1: 45276 | EG1: 45277 | EI1: 45278 | EK1: 45279 | EM1: 45280 | EO1: 45281 | EQ1: 45282 | ES1: 45283 | EU1: 45284 | EW1: 45285 | EY1: 45286 | FA1: 45287 | FC1: 45288 | FE1: 45289 | FG1: 45290 | FI1: 45292 | FK1: 45293 | FM1: 45294 | FO1: 45295 | FQ1: 45296 | FS1: 45297 | FU1: 45298 | FW1: 45299 | FY1: 45300 | GA1: 45301 | GC1: 45302 | GE1: 45303 | GG1: 45304 | GI1: 45305 | GK1: 45306 | GM1: 45307 | GO1: 45308 | GQ1: 45309 | GS1: 45310 | GU1: 45311 | GW1: 45312 | GY1: 45313 | HA1: 45314 | HC1: 45315 | HE1: 45316 | HG1: 45317 | HI1: 45318 | HK1: 45319 | HM1: 45320 | HO1: 45321 | HQ1: 45322 | HS1: 45323 | HU1: 45324 | HW1: 45325 | HY1: 45326 | IA1: 45327 | IC1: 45328 | IE1: 45329 | IG1: 45330 | II1: 45331 | IK1: 45332 | IM1: 45333 | IO1: 45334 | IQ1: 45335 | IS1: 45336 | IU1: 45337 | IW1: 45338 | IY1: 45339 | JA1: 45340 | JC1: 45341 | JE1: 45342 | JG1: 45343 | JI1: 45344 | JK1: 45345 | JM1: 45346 | JO1: 45347 | JQ1: 45348 | JS1: 45349 | JU1: 45350 | JW1: 45351 | JY1: 45352 | KA1: 45353 | KC1: 45354 | KE1: 45355 | KG1: 45356 | KI1: 45357 | KK1: 45358 | KM1: 45359 | KO1: 45360 | KQ1: 45361 | KS1: 45362 | KU1: 45363 | KW1: 45364 | KY1: 45365 | LA1: 45366 | LC1: 45367 | LE1: 45368 | LG1: 45369 | LI1: 45370 | LK1: 45371 | LM1: 45372 | LO1: 45373 | LQ1: 45374 | LS1: 45375 | LU1: 45376 | LW1: 45377 | LY1: 45378 | MA1: 45379 | MC1: 45380 | ME1: 45381 | MG1: 45382 | MI1: 45383 | MK1: 45384 | MM1: 45385 | MO1: 45386 | MQ1: 45387 | MS1: 45388 | MU1: 45389 | MW1: 45390 | MY1: 45391 | NA1: 45392 | NC1: 45393 | NE1: 45394 | NG1: 45395 | NI1: 45396 | NK1: 45397 | NM1: 45398 | NO1: 45399 | NQ1: 45400 | NS1: 45401 | NU1: 45402 | NW1: 45403 | NY1: 45404 | OA1: 45405 | OC1: 45406 | OE1: 45407 | OG1: 45408 | OI1: 45409 | OK1: 45410 | OM1: 45411 | OO1: 45412 | OQ1: 45413 | OS1: 45414 | OU1: 45415 | OW1: 45416 | OY1: 45417 | PA1: 45418 | PC1: 45419 | PE1: 45420 | PG1: 45421 | PI1: 45422 | PK1: 45423 | PM1: 45424 | PO1: 45425 | PQ1: 45426 | PS1: 45427 | PU1: 45428 | PW1: 45429 | PY1: 45430 | QA1: 45431 | QC1: 45432 | QE1: 45433 | QG1: 45434 | QI1: 45435 | QK1: 45436 | QM1: 45437 | QO1: 45438 | QQ1: 45439 | QS1: 45440 | QU1: 45441 | QW1: 45442 | QY1: 45443 | RA1: 45444 | RC1: 45445 | RE1: 45446 | RG1: 45447 | RI1: 45448 | RK1: 45449 | RM1: 45450 | RO1: 45451 | RQ1: 45452 | RS1: 45453 | RU1: 45454 | RW1: 45455 | RY1: 45456 | SA1: 45457 | SC1: 45458 | SE1: 45459 | SG1: 45460 | SI1: 45461 | SL1: 45462 | SN1: 45463 | SP1: 45464 | SR1: 45465 | ST1: 45466 | SV1: 45467 | SX1: 45468 | SZ1: 45469 | TB1: 45470 | TD1: 45471 | TF1: 45472 | TH1: 45473 | TJ1: 45474 | TL1: 45475 | TN1: 45476 | TP1: 45477 | TR1: 45478 | TT1: 45479 | TV1: 45480 | TX1: 45481 | TZ1: 45482 | UB1: 45483 | UD1: 45484 | UF1: 45485 | UH1: 45486 | UJ1: 45487 | UL1: 45488 | UN1: 45489 | UP1: 45490 | UR1: 45491 | UT1: 45492 | UV1: 45493 | UX1: 45494 | UZ1: 45495 | VB1: 45496 | VD1: 45497 | VF1: 45498 | VH1: 45499 | VJ1: 45500 | VL1: 45501 | VN1: 45502 | VP1: 45503 | VR1: 45504 | VT1: 45505 | VV1: 45506 | VX1: 45507 | VZ1: 45508 | WB1: 45509 | WD1: 45510 | WF1: 45511 | WH1: 45512 | WJ1: 45513 | WL1: 45514 | WN1: 45515 | WP1: 45516 | WR1: 45517 | WT1: 45518 | WV1: 45519 | WX1: 45520 | WZ1: 45521 | XB1: 45522 | XD1: 45523 | XF1: 45524 | XH1: 45525 | XJ1: 45526 | XL1: 45527 | XN1: 45528 | XP1: 45529 | XR1: 45530 | XT1: 45531 | XV1: 45532 | XX1: 45533 | XZ1: 45534 | YB1: 45535 | YD1: 45536 | YF1: 45537 | YH1: 45538 | YJ1: 45539 | YL1: 45540 | YN1: 45541 | YP1: 45542 | YR1: 45543 | YT1: 45544 | YV1: 45545 | YX1: 45546 | YZ1: 45547 | ZB1: 45548 | ZD1: 45549 | ZF1: 45550 | ZH1: 45551 | ZJ1: 45552 | ZL1: 45553 | ZN1: 45554 | ZP1: 45555 | ZR1: 45556 | ZT1: 45557 | ZV1: 45558 | ZX1: 45559 | ZZ1: 45560 | AAB1: 45561 | AAD1: 45562 | AAF1: 45563 | AAH1: 45564 | AAJ1: 45565 | AAL1: 45566 | AAN1: 45567 | AAP1: 45568 | AAR1: 45569 | AAT1: 45570 | AAV1: 45571 | AAX1: 45572 | AAZ1: 45573 | ABB1: 45574 | ABD1: 45575 | ABF1: 45576 | ABH1: 45577 | ABJ1: 45578 | ABL1: 45579 | ABN1: 45580 | ABP1: 45581 | ABR1: 45582 | ABT1: 45583 | ABV1: 45584 | ABX1: 45585 | ABZ1: 45586 | ACB1: 45587 | ACD1: 45588 | ACF1: 45589 | ACH1: 45590 | ACJ1: 45591 | ACL1: 45592 | ACN1: 45593 | ACP1: 45594 | ACR1: 45595 | ACT1: 45596 | ACV1: 45597 | ACX1: 45598 | ACZ1: 45599 | ADB1: 45600 | ADD1: 45601 | ADF1: 45602 | ADH1: 45603 | ADJ1: 45604 | ADL1: 45605 | ADN1: 45606 | ADP1: 45607 | ADR1: 45608 | ADT1: 45609 | ADV1: 45610 | ADX1: 45611 | ADZ1: 45612 | AEB1: 45613 | AED1: 45614 | AEF1: 45615 | AEH1: 45616 | AEJ1: 45617 | AEL1: 45618 | AEN1: 45619 | AEP1: 45620 | AER1: 45621 | AET1: 45622 | AEV1: 45623 | AEX1: 45624 | AEZ1: 45625 | AFB1: 45626 | AFD1: 45627 | AFF1: 45628 | AFH1: 45629 | AFJ1: 45630 | AFL1: 45631 | AFN1: 45632 | AFP1: 45633 | AFR1: 45634 | AFT1: 45635 | AFV1: 45636 | AFX1: 45637 | AFZ1: 45638 | AGB1: 45639 | AGD1: 45640 | AGF1: 45641 | AGH1: 45642 | AGJ1: 45643 | AGL1: 45644 | AGN1: 45645 | AGP1: 45646 | AGR1: 45647 | AGT1: 45648 | AGV1: 45649 | AGX1: 45650 | AGZ1: 45651 | AHB1: 45652 | AHD1: 45653 | AHF1: 45654 | AHH1: 45655 | AHJ1: 45656 | AHL1: 45657 | AHN1: 45658 | AHP1: 45659 | AHR1: 45294 | AHT1: 45661 | AHV1: 45662 | AHX1: 45663 | AHZ1: 45664 | AIB1: 45665 | AID1: 45666 | AIF1: 45667 | AIH1: 45668 | AIJ1: 45669 | AIL1: 45670 | AIN1: 45671 | AIP1: 45672 | AIR1: 45673 | AIT1: 45674 | AIV1: 45675 | AIX1: 45676 | AIZ1: 45677 | AJB1: 45678 | AJD1: 45679 | AJF1: 45680 | AJH1: 45681 | AJJ1: 45682 | AJL1: 45683 | AJN1: 45684 | AJP1: 45685 | AJR1: 45686 | AJT1: 45687 | AJV1: 45688 | AJX1: 45689 | AJZ1: 45690 | AKB1: 45691 | AKD1: 45692 | AKF1: 45693 | AKH1: 45694 | AKJ1: 45695 | AKL1: 45696 | AKN1: 45697 | AKP1: 45698 | AKR1: 45699 | AKT1: 45700 | AKV1: 45701 | AKX1: 45702 | AKZ1: 45703 | ALB1: 45704 | ALD1: 45705 | ALF1: 45706 | ALH1: 45707 | ALJ1: 45708 | ALL1: 45709 | ALN1: 45710 | ALP1: 45711 | ALR1: 45712 | ALT1: 45713 | ALV1: 45714 | ALX1: 45715 | ALZ1: 45716 | AMB1: 45717 | AMD1: 45718 | AMF1: 45719 | AMH1: 45720 | AMJ1: 45721 | AML1: 45722 | AMN1: 45723 | AMP1: 45724 | AMR1: 45725 | AMT1: 45726 | AMV1: 45727 | AMX1: 45728 | AMZ1: 45729 | ANB1: 45730 | AND1: 45731 | ANF1: 45732 | ANH1: 45733 | ANJ1: 45734 | ANL1: 45735 | ANN1: 45736 | ANP1: 45737 | ANR1: 45738 | ANT1: 45739 | ANV1: 45740 | ANX1: 45741 | ANZ1: 45742 | AOB1: 45743 | AOD1: 45744 | AOF1: 45745 | AOH1: 45746 | AOJ1: 45747 | AOL1: 45748 | AON1: 45749 | AOP1: 45750 | AOR1: 45751 | AOT1: 45752 | AOV1: 45753 | AOX1: 45754 | AOZ1: 45755 | APB1: 45756 | APD1: 45757 | APF1: 45758 | APH1: 45759 | APJ1: 45760 | APL1: 45761 | APN1: 45762 | APP1: 45763 | APR1: 45764 | APT1: 45765 | APV1: 45766 | APX1: 45767 | APZ1: 45768 | AQB1: 45769 | AQD1: 45770 | AQF1: 45771 | AQH1: 45772 | AQJ1: 45773 | AQL1: 45774 | AQN1: 45775 | AQP1: 45776 | AQR1: 45777 | AQT1: 45778 | AQV1: 45779 | AQX1: 45780 | AQZ1: 45781 | ARB1: 45782 | ARD1: 45783 | ARF1: 45784 | ARH1: 45785 | ARJ1: 45786 | ARL1: 45787 | ARN1: 45788 | ARP1: 45789 | ARR1: 45790 | ART1: 45791 | ARV1: 45792 | ARX1: 45793 | ARZ1: 45794 | ASB1: 45795 | ASD1: 45796 | ASF1: 45797 | ASH1: 45798 | ASJ1: 45799 | ASL1: 45800 | ASN1: 45801 | ASP1: 45802 | ASR1: 45803 | AST1: 45804 | ASV1: 45805 | ASX1: 45806 | ASZ1: 45807 | ATB1: 45808 | ATD1: 45809 | ATF1: 45810 | ATH1: 45811 | ATJ1: 45812 | ATL1: 45813 | ATN1: 45814 | ATP1: 45815 | ATR1: 45816 | ATT1: 45817 | ATV1: 45818 | ATX1: 45819 | ATZ1: 45820 | AUB1: 45821 | AUD1: 45822 | AUF1: 45823 | AUH1: 45824 | AUJ1: 45825 | AUL1: 45826 | AUN1: 45827 | AUP1: 45828 | AUR1: 45829 | AUT1: 45830 | AUV1: 45831 | AUX1: 45832 | AUZ1: 45833 | AVB1: 45834 | AVD1: 45835 | AVF1: 45836 | AVH1: 45837 | AVJ1: 45838 | AVL1: 45839 | AVN1: 45840 | AVP1: 45841 | AVR1: 45842 | AVT1: 45843 | AVV1: 45844 | AVX1: 45845 | AVZ1: 45846 | AWB1: 45847 | AWD1: 45848 | AWF1: 45849 | AWH1: 45850 | AWJ1: 45851 | AWL1: 45852 | AWN1: 45853 | AWP1: 45854 | AWR1: 45855 | AWT1: 45856 | AWV1: 45857 | AWX1: 45858 | AWZ1: 45859 | AXB1: 45860 | AXD1: 45861 | AXF1: 45862 | AXH1: 45863 | AXJ1: 45864 | AXL1: 45865 | AXN1: 45866 | AXP1: 45867 | AXR1: 45868 | AXT1: 45869 | AXV1: 45870 | AXX1: 45871 | AXZ1: 45872 | AYB1: 45873 | AYD1: 45874 | AYF1: 45875 | AYH1: 45876 | AYJ1: 45877 | AYL1: 45878 | AYN1: 45879 | AYP1: 45880 | AYR1: 45881 | AYT1: 45882 | AYV1: 45883 | AYX1: 45884 | AYZ1: 45885 | AZB1: 45886 | AZD1: 45887 | AZF1: 45888 | AZH1: 45889 | AZJ1: 45890 | AZL1: 45891 | AZN1: 45892 | AZP1: 45893 | AZR1: 45894 | AZT1: 45895 | AZV1: 45896 | AZX1: 45897 | AZZ1: 45898 | BAB1: 45899 | BAD1: 45900 | BAF1: 45901 | BAH1: 45902 | BAJ1: 45903 | BAL1: 45904 | BAN1: 45905 | BAP1: 45906 | BAR1: 45907 | BAT1: 45908 | BAV1: 45909 | BAX1: 45910 | BAZ1: 45911 | BBB1: 45912 | BBD1: 45913 | BBF1: 45914 | BBH1: 45915 | BBJ1: 45916 | BBL1: 45917 | BBN1: 45918 | BBP1: 45919 | BBR1: 45920 | BBT1: 45921 | BBV1: 45922 | BBX1: 45923 | BBZ1: 45924 | BCB1: 45925 | BCD1: 45926 | BCF1: 45927 | BCH1: 45928 | BCJ1: 45929 | BCL1: 45930 | BCN1: 45931 | BCP1: 45932
A2: Out | B2: In | C2: Out | D2: In | E2: Out | F2: In | G2: Out | H2: In | I2: Out | J2: In | K2: Out | L2: In | M2: Out | N2: In | O2: Out | P2: In | Q2: Out | R2: In | S2: Out | T2: In | U2: Out | V2: In | W2: Out | X2: In | Y2: Out | Z2: In | AA2: Out | AB2: In | AC2: Out | AD2: In | AE2: Out | AF2: In | AG2: Out | AH2: In | AI2: Out | AJ2: In | AK2: Out | AL2: In | AM2: Out | AN2: In | AO2: Out | AP2: In | AQ2: Out | AR2: In | AS2: Out | AT2: In | AU2: Out | AV2: In | AW2: Out | AX2: In | AY2: Out | AZ2: In | BA2: Out | BB2: In | BC2: Out | BD2: In | BE2: Out | BF2: In | BG2: Out | BH2: In | BI2: Out | BJ2: In | BK2: Out | BL2: In | BM2: Out | BN2: In | BO2: Out | BP2: In | BQ2: Out | BR2: In | BS2: Out | BT2: In | BU2: Out | BV2: In | BW2: Out | BX2: In | BY2: Out | BZ2: In | CA2: Out | CB2: In | CC2: Out | CD2: In | CE2: Out | CF2: In | CG2: Out | CH2: In | CI2: Out | CJ2: In | CK2: Out | CL2: In | CM2: Out | CN2: In | CO2: Out | CP2: In | CQ2: Out | CR2: In | CS2: Out | CT2: In | CU2: Out | CV2: In | CW2: Out | CX2: In | CY2: Out | CZ2: In | DA2: Out | DB2: In | DC2: Out | DD2: In | DE2: Out | DF2: In | DG2: Out | DH2: In | DI2: Out | DJ2: In | DK2: Out | DL2: In | DM2: Out | DN2: In | DO2: Out | DP2: In | DQ2: Out | DR2: In | DS2: Out | DT2: In | DU2: Out | DV2: In | DW2: Out | DX2: In | DY2: Out | DZ2: In | EA2: Out | EB2: In | EC2: Out | ED2: In | EE2: Out | EF2: In | EG2: Out | EH2: In | EI2: Out | EJ2: In | EK2: Out | EL2: In | EM2: Out | EN2: In | EO2: Out | EP2: In | EQ2: Out | ER2: In | ES2: Out | ET2: In | EU2: Out | EV2: In | EW2: Out | EX2: In | EY2: Out | EZ2: In | FA2: Out | FB2: In | FC2: Out | FD2: In | FE2: Out | FF2: In | FG2: Out | FH2: In | FI2: Out | FJ2: In | FK2: Out | FL2: In | FM2: Out | FN2: In | FO2: Out | FP2: In | FQ2: Out | FR2: In | FS2: Out | FT2: In | FU2: Out | FV2: In | FW2: Out | FX2: In | FY2: Out | FZ2: In | GA2: Out | GB2: In | GC2: Out | GD2: In | GE2: Out | GF2: In | GG2: Out | GH2: In | GI2: Out | GJ2: In | GK2: Out | GL2: In | GM2: Out | GN2: In | GO2: Out | GP2: In | GQ2: Out | GR2: In | GS2: Out | GT2: In | GU2: Out | GV2: In | GW2: Out | GX2: In | GY2: Out | GZ2: In | HA2: Out | HB2: In | HC2: Out | HD2: In | HE2: Out | HF2: In | HG2: Out | HH2: In | HI2: Out | HJ2: In | HK2: Out | HL2: In | HM2: Out | HN2: In | HO2: Out | HP2: In | HQ2: Out | HR2: In | HS2: Out | HT2: In | HU2: Out | HV2: In | HW2: Out | HX2: In | HY2: Out | HZ2: In | IA2: Out | IB2: In | IC2: Out | ID2: In | IE2: Out | IF2: In | IG2: Out | IH2: In | II2: Out | IJ2: In | IK2: Out | IL2: In | IM2: Out | IN2: In | IO2: Out | IP2: In | IQ2: Out | IR2: In | IS2: Out | IT2: In | IU2: Out | IV2: In | IW2: Out | IX2: In | IY2: Out | IZ2: In | JA2: Out | JB2: In | JC2: Out | JD2: In | JE2: Out | JF2: In | JG2: Out | JH2: In | JI2: Out | JJ2: In | JK2: Out | JL2: In | JM2: Out | JN2: In | JO2: Out | JP2: In | JQ2: Out | JR2: In | JS2: Out | JT2: In | JU2: Out | JV2: In | JW2: Out | JX2: In | JY2: Out | JZ2: In | KA2: Out | KB2: In | KC2: Out | KD2: In | KE2: Out | KF2: In | KG2: Out | KH2: In | KI2: Out | KJ2: In | KK2: Out | KL2: In | KM2: Out | KN2: In | KO2: Out | KP2: In | KQ2: Out | KR2: In | KS2: Out | KT2: In | KU2: Out | KV2: In | KW2: Out | KX2: In | KY2: Out | KZ2: In | LA2: Out | LB2: In | LC2: Out | LD2: In | LE2: Out | LF2: In | LG2: Out | LH2: In | LI2: Out | LJ2: In | LK2: Out | LL2: In | LM2: Out | LN2: In | LO2: Out | LP2: In | LQ2: Out | LR2: In | LS2: Out | LT2: In | LU2: Out | LV2: In | LW2: Out | LX2: In | LY2: Out | LZ2: In | MA2: Out | MB2: In | MC2: Out | MD2: In | ME2: Out | MF2: In | MG2: Out | MH2: In | MI2: Out | MJ2: In | MK2: Out | ML2: In | MM2: Out | MN2: In | MO2: Out | MP2: In | MQ2: Out | MR2: In | MS2: Out | MT2: In | MU2: Out | MV2: In | MW2: Out | MX2: In | MY2: Out | MZ2: In | NA2: Out | NB2: In | NC2: Out | ND2: In | NE2: Out | NF2: In | NG2: Out | NH2: In | NI2: Out | NJ2: In | NK2: Out | NL2: In | NM2: Out | NN2: In | NO2: Out | NP2: In | NQ2: Out | NR2: In | NS2: Out | NT2: In | NU2: Out | NV2: In | NW2: Out | NX2: In | NY2: Out | NZ2: In | OA2: Out | OB2: In | OC2: Out | OD2: In | OE2: Out | OF2: In | OG2: Out | OH2: In | OI2: Out | OJ2: In | OK2: Out | OL2: In | OM2: Out | ON2: In | OO2: Out | OP2: In | OQ2: Out | OR2: In | OS2: Out | OT2: In | OU2: Out | OV2: In | OW2: Out | OX2: In | OY2: Out | OZ2: In | PA2: Out | PB2: In | PC2: Out | PD2: In | PE2: Out | PF2: In | PG2: Out | PH2: In | PI2: Out | PJ2: In | PK2: Out | PL2: In | PM2: Out | PN2: In | PO2: Out | PP2: In | PQ2: Out | PR2: In | PS2: Out | PT2: In | PU2: Out | PV2: In | PW2: Out | PX2: In | PY2: Out | PZ2: In | QA2: Out | QB2: In | QC2: Out | QD2: In | QE2: Out | QF2: In | QG2: Out | QH2: In | QI2: Out | QJ2: In | QK2: Out | QL2: In | QM2: Out | QN2: In | QO2: Out | QP2: In | QQ2: Out | QR2: In | QS2: Out | QT2: In | QU2: Out | QV2: In | QW2: Out | QX2: In | QY2: Out | QZ2: In | RA2: Out | RB2: In | RC2: Out | RD2: In | RE2: Out | RF2: In | RG2: Out | RH2: In | RI2: Out | RJ2: In | RK2: Out | RL2: In | RM2: Out | RN2: In | RO2: Out | RP2: In | RQ2: Out | RR2: In | RS2: Out | RT2: In | RU2: Out | RV2: In | RW2: Out | RX2: In | RY2: Out | RZ2: In | SA2: Out | SB2: In | SC2: Out | SD2: In | SE2: Out | SF2: In | SG2: Out | SH2: In | SI2: Out | SK2: In | SL2: Out | SM2: In | SN2: Out | SO2: In | SP2: Out | SQ2: In | SR2: Out | SS2: In | ST2: Out | SU2: In | SV2: Out | SW2: In | SX2: Out | SY2: In | SZ2: Out | TA2: In | TB2: Out | TC2: In | TD2: Out | TE2: In | TF2: Out | TG2: In | TH2: Out | TI2: In | TJ2: Out | TK2: In | TL2: Out | TM2: In | TN2: Out | TO2: In | TP2: Out | TQ2: In | TR2: Out | TS2: In | TT2: Out | TU2: In | TV2: Out | TW2: In | TX2: Out | TY2: In | TZ2: Out | UA2: In | UB2: Out | UC2: In | UD2: Out | UE2: In | UF2: Out | UG2: In | UH2: Out | UI2: In | UJ2: Out | UK2: In | UL2: Out | UM2: In | UN2: Out | UO2: In | UP2: Out | UQ2: In | UR2: Out | US2: In | UT2: Out | UU2: In | UV2: Out | UW2: In | UX2: Out | UY2: In | UZ2: Out | VA2: In | VB2: Out | VC2: In | VD2: Out | VE2: In | VF2: Out | VG2: In | VH2: Out | VI2: In | VJ2: Out | VK2: In | VL2: Out | VM2: In | VN2: Out | VO2: In | VP2: Out | VQ2: In | VR2: Out | VS2: In | VT2: Out | VU2: In | VV2: Out | VW2: In | VX2: Out | VY2: In | VZ2: Out | WA2: In | WB2: Out | WC2: In | WD2: Out | WE2: In | WF2: Out | WG2: In | WH2: Out | WI2: In | WJ2: Out | WK2: In | WL2: Out | WM2: In | WN2: Out | WO2: In | WP2: Out | WQ2: In | WR2: Out | WS2: In | WT2: Out | WU2: In | WV2: Out | WW2: In | WX2: Out | WY2: In | WZ2: Out | XA2: In | XB2: Out | XC2: In | XD2: Out | XE2: In | XF2: Out | XG2: In | XH2: Out | XI2: In | XJ2: Out | XK2: In | XL2: Out | XM2: In | XN2: Out | XO2: In | XP2: Out | XQ2: In | XR2: Out | XS2: In | XT2: Out | XU2: In | XV2: Out | XW2: In | XX2: Out | XY2: In | XZ2: Out | YA2: In | YB2: Out | YC2: In | YD2: Out | YE2: In | YF2: Out | YG2: In | YH2: Out | YI2: In | YJ2: Out | YK2: In | YL2: Out | YM2: In | YN2: Out | YO2: In | YP2: Out | YQ2: In | YR2: Out | YS2: In | YT2: Out | YU2: In | YV2: Out | YW2: In | YX2: Out | YY2: In | YZ2: Out | ZA2: In | ZB2: Out | ZC2: In | ZD2: Out | ZE2: In | ZF2: Out | ZG2: In | ZH2: Out | ZI2: In | ZJ2: Out | ZK2: In | ZL2: Out | ZM2: In | ZN2: Out | ZO2: In | ZP2: Out | ZQ2: In | ZR2: Out | ZS2: In | ZT2: Out | ZU2: In | ZV2: Out | ZW2: In | ZX2: Out | ZY2: In | ZZ2: Out | AAA2: In | AAB2: Out | AAC2: In | AAD2: Out | AAE2: In | AAF2: Out | AAG2: In | AAH2: Out | AAI2: In | AAJ2: Out | AAK2: In | AAL2: Out | AAM2: In | AAN2: Out | AAO2: In | AAP2: Out | AAQ2: In | AAR2: Out | AAS2: In | AAT2: Out | AAU2: In | AAV2: Out | AAW2: In | AAX2: Out | AAY2: In | AAZ2: Out | ABA2: In | ABB2: Out | ABC2: In | ABD2: Out | ABE2: In | ABF2: Out | ABG2: In | ABH2: Out | ABI2: In | ABJ2: Out | ABK2: In | ABL2: Out | ABM2: In | ABN2: Out | ABO2: In | ABP2: Out | ABQ2: In | ABR2: Out | ABS2: In | ABT2: Out | ABU2: In | ABV2: Out | ABW2: In | ABX2: Out | ABY2: In | ABZ2: Out | ACA2: In | ACB2: Out | ACC2: In | ACD2: Out | ACE2: In | ACF2: Out | ACG2: In | ACH2: Out | ACI2: In | ACJ2: Out | ACK2: In | ACL2: Out | ACM2: In | ACN2: Out | ACO2: In | ACP2: Out | ACQ2: In | ACR2: Out | ACS2: In | ACT2: Out | ACU2: In | ACV2: Out | ACW2: In | ACX2: Out | ACY2: In | ACZ2: Out | ADA2: In | ADB2: Out | ADC2: In | ADD2: Out | ADE2: In | ADF2: Out | ADG2: In | ADH2: Out | ADI2: In | ADJ2: Out | ADK2: In | ADL2: Out | ADM2: In | ADN2: Out | ADO2: In | ADP2: Out | ADQ2: In | ADR2: Out | ADS2: In | ADT2: Out | ADU2: In | ADV2: Out | ADW2: In | ADX2: Out | ADY2: In | ADZ2: Out | AEA2: In | AEB2: Out | AEC2: In | AED2: Out | AEE2: In | AEF2: Out | AEG2: In | AEH2: Out | AEI2: In | AEJ2: Out | AEK2: In | AEL2: Out | AEM2: In | AEN2: Out | AEO2: In | AEP2: Out | AEQ2: In | AER2: Out | AES2: In | AET2: Out | AEU2: In | AEV2: Out | AEW2: In | AEX2: Out | AEY2: In | AEZ2: Out | AFA2: In | AFB2: Out | AFC2: In | AFD2: Out | AFE2: In | AFF2: Out | AFG2: In | AFH2: Out | AFI2: In | AFJ2: Out | AFK2: In | AFL2: Out | AFM2: In | AFN2: Out | AFO2: In | AFP2: Out | AFQ2: In | AFR2: Out | AFS2: In | AFT2: Out | AFU2: In | AFV2: Out | AFW2: In | AFX2: Out | AFY2: In | AFZ2: Out | AGA2: In | AGB2: Out | AGC2: In | AGD2: Out | AGE2: In | AGF2: Out | AGG2: In | AGH2: Out | AGI2: In | AGJ2: Out | AGK2: In | AGL2: Out | AGM2: In | AGN2: Out | AGO2: In | AGP2: Out | AGQ2: In | AGR2: Out | AGS2: In | AGT2: Out | AGU2: In | AGV2: Out | AGW2: In | AGX2: Out | AGY2: In | AGZ2: Out | AHA2: In | AHB2: Out | AHC2: In | AHD2: Out | AHE2: In | AHF2: Out | AHG2: In | AHH2: Out | AHI2: In | AHJ2: Out | AHK2: In | AHL2: Out | AHM2: In | AHN2: Out | AHO2: In | AHP2: Out | AHQ2: In | AHR2: Out | AHS2: In | AHT2: Out | AHU2: In | AHV2: Out | AHW2: In | AHX2: Out | AHY2: In | AHZ2: Out | AIA2: In | AIB2: Out | AIC2: In | AID2: Out | AIE2: In | AIF2: Out | AIG2: In | AIH2: Out | AII2: In | AIJ2: Out | AIK2: In | AIL2: Out | AIM2: In | AIN2: Out | AIO2: In | AIP2: Out | AIQ2: In | AIR2: Out | AIS2: In | AIT2: Out | AIU2: In | AIV2: Out | AIW2: In | AIX2: Out | AIY2: In | AIZ2: Out | AJA2: In | AJB2: Out | AJC2: In | AJD2: Out | AJE2: In | AJF2: Out | AJG2: In | AJH2: Out | AJI2: In | AJJ2: Out | AJK2: In | AJL2: Out | AJM2: In | AJN2: Out | AJO2: In | AJP2: Out | AJQ2: In | AJR2: Out | AJS2: In | AJT2: Out | AJU2: In | AJV2: Out | AJW2: In | AJX2: Out | AJY2: In | AJZ2: Out | AKA2: In | AKB2: Out | AKC2: In | AKD2: Out | AKE2: In | AKF2: Out | AKG2: In | AKH2: Out | AKI2: In | AKJ2: Out | AKK2: In | AKL2: Out | AKM2: In | AKN2: Out | AKO2: In | AKP2: Out | AKQ2: In | AKR2: Out | AKS2: In | AKT2: Out | AKU2: In | AKV2: Out | AKW2: In | AKX2: Out | AKY2: In | AKZ2: Out | ALA2: In | ALB2: Out | ALC2: In | ALD2: Out | ALE2: In | ALF2: Out | ALG2: In | ALH2: Out | ALI2: In | ALJ2: Out | ALK2: In | ALL2: Out | ALM2: In | ALN2: Out | ALO2: In | ALP2: Out | ALQ2: In | ALR2: Out | ALS2: In | ALT2: Out | ALU2: In | ALV2: Out | ALW2: In | ALX2: Out | ALY2: In | ALZ2: Out | AMA2: In | AMB2: Out | AMC2: In | AMD2: Out | AME2: In | AMF2: Out | AMG2: In | AMH2: Out | AMI2: In | AMJ2: Out | AMK2: In | AML2: Out | AMM2: In | AMN2: Out | AMO2: In | AMP2: Out | AMQ2: In | AMR2: Out | AMS2: In | AMT2: Out | AMU2: In | AMV2: Out | AMW2: In | AMX2: Out | AMY2: In | AMZ2: Out | ANA2: In | ANB2: Out | ANC2: In | AND2: Out | ANE2: In | ANF2: Out | ANG2: In | ANH2: Out | ANI2: In | ANJ2: Out | ANK2: In | ANL2: Out | ANM2: In | ANN2: Out | ANO2: In | ANP2: Out | ANQ2: In | ANR2: Out | ANS2: In | ANT2: Out | ANU2: In | ANV2: Out | ANW2: In | ANX2: Out | ANY2: In | ANZ2: Out | AOA2: In | AOB2: Out | AOC2: In | AOD2: Out | AOE2: In | AOF2: Out | AOG2: In | AOH2: Out | AOI2: In | AOJ2: Out | AOK2: In | AOL2: Out | AOM2: In | AON2: Out | AOO2: In | AOP2: Out | AOQ2: In | AOR2: Out | AOS2: In | AOT2: Out | AOU2: In | AOV2: Out | AOW2: In | AOX2: Out | AOY2: In | AOZ2: Out | APA2: In | APB2: Out | APC2: In | APD2: Out | APE2: In | APF2: Out | APG2: In | APH2: Out | API2: In | APJ2: Out | APK2: In | APL2: Out | APM2: In | APN2: Out | APO2: In | APP2: Out | APQ2: In | APR2: Out | APS2: In | APT2: Out | APU2: In | APV2: Out | APW2: In | APX2: Out | APY2: In | APZ2: Out | AQA2: In | AQB2: Out | AQC2: In | AQD2: Out | AQE2: In | AQF2: Out | AQG2: In | AQH2: Out | AQI2: In | AQJ2: Out | AQK2: In | AQL2: Out | AQM2: In | AQN2: Out | AQO2: In | AQP2: Out | AQQ2: In | AQR2: Out | AQS2: In | AQT2: Out | AQU2: In | AQV2: Out | AQW2: In | AQX2: Out | AQY2: In | AQZ2: Out | ARA2: In | ARB2: Out | ARC2: In | ARD2: Out | ARE2: In | ARF2: Out | ARG2: In | ARH2: Out | ARI2: In | ARJ2: Out | ARK2: In | ARL2: Out | ARM2: In | ARN2: Out | ARO2: In | ARP2: Out | ARQ2: In | ARR2: Out | ARS2: In | ART2: Out | ARU2: In | ARV2: Out | ARW2: In | ARX2: Out | ARY2: In | ARZ2: Out | ASA2: In | ASB2: Out | ASC2: In | ASD2: Out | ASE2: In | ASF2: Out | ASG2: In | ASH2: Out | ASI2: In | ASJ2: Out | ASK2: In | ASL2: Out | ASM2: In | ASN2: Out | ASO2: In | ASP2: Out | ASQ2: In | ASR2: Out | ASS2: In | AST2: Out | ASU2: In | ASV2: Out | ASW2: In | ASX2: Out | ASY2: In | ASZ2: Out | ATA2: In | ATB2: Out | ATC2: In | ATD2: Out | ATE2: In | ATF2: Out | ATG2: In | ATH2: Out | ATI2: In | ATJ2: Out | ATK2: In | ATL2: Out | ATM2: In | ATN2: Out | ATO2: In | ATP2: Out | ATQ2: In | ATR2: Out | ATS2: In | ATT2: Out | ATU2: In | ATV2: Out | ATW2: In | ATX2: Out | ATY2: In | ATZ2: Out | AUA2: In | AUB2: Out | AUC2: In | AUD2: Out | AUE2: In | AUF2: Out | AUG2: In | AUH2: Out | AUI2: In | AUJ2: Out | AUK2: In | AUL2: Out | AUM2: In | AUN2: Out | AUO2: In | AUP2: Out | AUQ2: In | AUR2: Out | AUS2: In | AUT2: Out | AUU2: In | AUV2: Out | AUW2: In | AUX2: Out | AUY2: In | AUZ2: Out | AVA2: In | AVB2: Out | AVC2: In | AVD2: Out | AVE2: In | AVF2: Out | AVG2: In | AVH2: Out | AVI2: In | AVJ2: Out | AVK2: In | AVL2: Out | AVM2: In | AVN2: Out | AVO2: In | AVP2: Out | AVQ2: In | AVR2: Out | AVS2: In | AVT2: Out | AVU2: In | AVV2: Out | AVW2: In | AVX2: Out | AVY2: In | AVZ2: Out | AWA2: In | AWB2: Out | AWC2: In | AWD2: Out | AWE2: In | AWF2: Out | AWG2: In | AWH2: Out | AWI2: In | AWJ2: Out | AWK2: In | AWL2: Out | AWM2: In | AWN2: Out | AWO2: In | AWP2: Out | AWQ2: In | AWR2: Out | AWS2: In | AWT2: Out | AWU2: In | AWV2: Out | AWW2: In | AWX2: Out | AWY2: In | AWZ2: Out | AXA2: In | AXB2: Out | AXC2: In | AXD2: Out | AXE2: In | AXF2: Out | AXG2: In | AXH2: Out | AXI2: In | AXJ2: Out | AXK2: In | AXL2: Out | AXM2: In | AXN2: Out | AXO2: In | AXP2: Out | AXQ2: In | AXR2: Out | AXS2: In | AXT2: Out | AXU2: In | AXV2: Out | AXW2: In | AXX2: Out | AXY2: In | AXZ2: Out | AYA2: In | AYB2: Out | AYC2: In | AYD2: Out | AYE2: In | AYF2: Out | AYG2: In | AYH2: Out | AYI2: In | AYJ2: Out | AYK2: In | AYL2: Out | AYM2: In | AYN2: Out | AYO2: In | AYP2: Out | AYQ2: In | AYR2: Out | AYS2: In | AYT2: Out | AYU2: In | AYV2: Out | AYW2: In | AYX2: Out | AYY2: In | AYZ2: Out | AZA2: In | AZB2: Out | AZC2: In | AZD2: Out | AZE2: In | AZF2: Out | AZG2: In | AZH2: Out | AZI2: In | AZJ2: Out | AZK2: In | AZL2: Out | AZM2: In | AZN2: Out | AZO2: In | AZP2: Out | AZQ2: In | AZR2: Out | AZS2: In | AZT2: Out | AZU2: In | AZV2: Out | AZW2: In | AZX2: Out | AZY2: In | AZZ2: Out | BAA2: In | BAB2: Out | BAC2: In | BAD2: Out | BAE2: In | BAF2: Out | BAG2: In | BAH2: Out | BAI2: In | BAJ2: Out | BAK2: In | BAL2: Out | BAM2: In | BAN2: Out | BAO2: In | BAP2: Out | BAQ2: In | BAR2: Out | BAS2: In | BAT2: Out | BAU2: In | BAV2: Out | BAW2: In | BAX2: Out | BAY2: In | BAZ2: Out | BBA2: In | BBB2: Out | BBC2: In | BBD2: Out | BBE2: In | BBF2: Out | BBG2: In | BBH2: Out | BBI2: In | BBJ2: Out | BBK2: In | BBL2: Out | BBM2: In | BBN2: Out | BBO2: In | BBP2: Out | BBQ2: In | BBR2: Out | BBS2: In | BBT2: Out | BBU2: In | BBV2: Out | BBW2: In | BBX2: Out | BBY2: In | BBZ2: Out | BCA2: In | BCB2: Out | BCC2: In | BCD2: Out | BCE2: In | BCF2: Out | BCG2: In | BCH2: Out | BCI2: In | BCJ2: Out | BCK2: In | BCL2: Out | BCM2: In | BCN2: Out | BCO2: In | BCP2: Out | BCQ2: In
A3: Sandpiper | C3: IRB Back | D3: Sandpiper | E3: 20th IRB | F3: Toucan | H3: 80th | I3: Elmhurst | J3: Elmhurst | K3: Toucan | M3: Sandpiper | R3: Sandpiper | S3: Elmhurst | T3: Sunrise | U3: Misty Plateau | V3: 4801 48th | Y3: 4801 48th | Z3: 102nd | AA3: 20th IRB | AD3: Sunrise | AE3: Sandpiper | AJ3: Elmhurst | AK3: Sheldon Chase | AL3: Sheldon Chase | AO3: Elmhurst | AR3: 119th | AT3: 78th | AY3: Sheldon Chase | BA3: 78th | BD3: Elmhurst | BF3: Viewtop | BJ3: Long Bow | BL3: Toucan | BM3: Elmhurst | BO3: Long Bow | BQ3: Viewtop | BR3: Stolls | BS3: Toucan | BX3: Flamingo | CA3: 4877 49th Ave N | CB3: 78th | CC3: Flamingo | CD3: 52nd Ave | CF3: 4801 48th | CH3: 73rd Ave | CI3: 102nd | CJ3: Saint Thomas | CL3: Sunrise | CM3: Stolls | CO3: Saint Thomas | CQ3: Stolls | CR3: 4877 49th Ave N | CS3: Elmhurst | CU3: Viewtop | CW3: Sunrise | CZ3: 102nd | DD3: Sheldon Chase | DE3: 102nd | DN3: Lancaster | DS3: Sheldon Chase | DW3: Lancaster | DY3: 62nd Street | DZ3: Long Bow | EB3: Sheldon Chase | EC3: 4877 49th Ave N | EE3: Long Bow | EG3: 50th Ave | EJ3: Sunrise | EN3: Flamingo | EO3: Sheldon Chase | EP3: Viewtop | EQ3: 119th | ER3: Elmhurst | ES3: Sunrise | ET3: Sunrise | EW3: Elmhurst | EX3: Huston | EY3: 66th Ave | EZ3: Stolls | FA3: Viewtop | FB3: 66th Ave | FC3: Huston | FD3: Diane | FE3: 62nd Street | FF3: 62nd Street | FG3: 76th Ave | FH3: Toucan | FJ3: Misty Plateau | FK3: Elmhurst | FL3: 80th | FM3: 79th Ave | FN3: 4760 48th Ave | FO3: 79th Ave | FP3: Flamingo | FQ3: 119th | FS3: 66th Ave | FU3: 80th | FW3: Flamingo | FZ3: 66th Ave | GB3: 102nd | GD3: Flamingo | GF3: 4801 48th | GH3: Mel Ray | GI3: 66th Ave | GJ3: 52nd | GK3: 78th | GM3: Flamingo | GN3: 102nd | GP3: 79th Ave | GQ3: 47th Bradenton | GR3: Lancaster | GT3: Long Bow | GU3: 65th Terr | GW3: 102nd | GX3: Flamingo | GY3: Sunrise | GZ3: Viewtop | HC3: Flamingo | HD3: 78th | HF3: 50th Ave | HH3: 102nd | HJ3: IRB Back | HK3: 50th Ave | HL3: 66th Ave | HM3: Viewtop | HN3: 50th Ave | HO3: 4760 48th Ave | HP3: 65th Terr | HQ3: Diane | HR3: 70th | HT3: 78th | HU3: Sheldon Chase | HV3: 41st Bradenton | HW3: 47th Bradenton | HX3: Palm Dr. | HY3: 78th | HZ3: IRB Front | IA3: 41st Bradenton | IB3: 11523 48th | IC3: Lancaster | ID3: 76th Ave | IE3: 66th Ave | IF3: 41st Bradenton | IG3: 47th Bradenton | IH3: 4760 48th Ave | II3: 72nd Ave | IJ3: IRB Front | IK3: IRB Back | IL3: 82nd Terr | IM3: 50th Ave | IN3: 41st Bradenton | IO3: 11523 48th | IP3: IRB Front | IQ3: 4877 49th Ave N | IR3: 11523 48th | IS3: 66th Ave | IT3: Sunrise | IU3: 119th | IV3: 4877 49th Ave N | IX3: 310 72nd Ave | IY3: IRB Front | IZ3: Stolls | JA3: 41st Bradenton | JB3: Toucan | JC3: 70th | JD3: 70th | JE3: Kumquat | JG3: 72nd Ave | JH3: IRB Front | JJ3: Toucan | JK3: Misty Plateau | JL3: 310 72nd Ave | JM3: Sunrise | JN3: 4801 48th | JO3: Venetian | JP3: 65th Terr | JQ3: 4801 48th | JR3: Sunrise | JS3: 11523 48th | JT3: 4760 48th Ave | JV3: Flamingo | JW3: Sunrise | JX3: 78th | JY3: 50th Ave | JZ3: 4760 48th Ave | KA3: 41st Bradenton | KB3: 41st Bradenton | KC3: 78th | KD3: Sunrise | KE3: 4760 48th Ave | KF3: IRB Front | KG3: 41st Bradenton | KI3: Sunrise | KJ3: Viewtop | KK3: 73rd Ave | KL3: Venetian | KM3: IRB Front | KN3: 70th | KO3: Canterbury | KP3: Diane | KQ3: Venetian | KR3: Saint Thomas | KS3: 70th | KT3: 47th Bradenton | KU3: 310 72nd Ave | KV3: Palm Dr. | KW3: Saint Thomas | KX3: Viewtop | KY3: 47th Bradenton | KZ3: 72nd Ave | LA3: Misty Plateau | LB3: Kumquat | LC3: 41st Bradenton | LD3: 41st Bradenton | LE3: 72nd Ave | LF3: 66th Ave | LG3: 79th Ave | LH3: Palm Dr. | LI3: 47th Bradenton | LJ3: 47th Bradenton | LK3: Saint Thomas | LL3: Oakdale | LM3: 66th Ave | LN3: 79th Ave | LO3: 11523 48th | LP3: 11523 48th | LQ3: 47th Bradenton | LR3: 65th Terr | LS3: 79th Ave | LT3: Lantana | LU3: Viewtop | LV3: Viewtop | LW3: 66th Ave | LX3: 4801 48th | LY3: 65th Terr | LZ3: 51st St | MA3: 73rd Ave | MB3: 70th | MC3: 310 72nd Ave | MD3: 50th Ave | ME3: 4760 48th Ave | MF3: Toucan | MG3: 70th | MH3: 4801 48th | MI3: 50th Ave | MJ3: Viewtop | MK3: Toucan | ML3: IRB Front | MM3: 4877 49th Ave N | MN3: Sandpiper | MO3: Viewtop | MP3: Viewtop | MQ3: 82nd Terr | MR3: 82nd Terr | MS3: Sandpiper | MT3: Flamingo | MU3: Viewtop | MV3: Sunrise | MW3: 82nd Terr | MX3: 66th Ave | MY3: Flamingo | MZ3: Viewtop | NA3: 65th Terr | NB3: 65th Terr | NC3: Sunrise | ND3: 78th | NE3: 41st Bradenton | NF3: Toucan | NG3: Stolls | NH3: 66th Ave | NI3: 78th | NJ3: Misty Plateau | NK3: Toucan | NM3: 66th Ave | NN3: Lancaster | NP3: Sunrise | NQ3: 4877 49th Ave N | NR3: 80th | NS3: Huston | NT3: 65th Terr | NU3: Oakdale | NV3: Sheldon Chase | NW3: 80th | NX3: Oakdale | NY3: 65th Terr | NZ3: 47th Bradenton | OA3: 11523 48th | OC3: Oakdale | OD3: Elmhurst | OE3: 4760 48th Ave | OF3: Huston | OG3: Toucan | OH3: 11523 48th | OI3: Sheldon Chase | OK3: Huston | OL3: Oakdale | OM3: Long Bow | ON3: Sheldon Chase | OO3: 102nd | OQ3: Oakdale | OR3: Sunrise | OT3: 78th | OV3: Misty Plateau | OX3: Oakdale | OY3: 78th | PA3: Stolls | PB3: Sunrise | PC3: Oakdale | PD3: Elmhurst | PG3: Sunrise | PH3: Sunrise | PJ3: 66th Ave | PM3: Sunrise | PO3: 66th Ave | PP3: 102nd | PQ3: 11523 48th | PR3: Oakdale | PV3: Elmhurst | PX3: Sunrise | PY3: 102nd | PZ3: 11523 48th | QA3: Elmhurst | QC3: Sunrise | QE3: 11523 48th | QF3: Canterbury | QJ3: 4801 48th | QK3: 66th Ave | QL3: Winfield | QM3: 4877 49th Ave N | QN3: 4877 49th Ave N | QO3: 4801 48th | QP3: Long Bow | QQ3: 4877 49th Ave N | QR3: IRB Front | QS3: Flamingo | QU3: 66th Ave | QV3: Oakdale | QW3: IRB Front | QX3: 310 72nd Ave | QZ3: 65th Terr | RA3: Misty Plateau | RB3: 106th Ave | RC3: Long Bow | RD3: 11523 48th | RE3: 65th Terr | RF3: Sunrise | RH3: IRB Back | RI3: Oakdale | RJ3: Long Bow | RL3: 78th | RM3: 11523 48th | RN3: Sandpiper | RO3: IRB Back | RP3: 11523 48th | RQ3: 4877 49th Ave N | RR3: Long Bow | RS3: Sandpiper | RT3: Saint Thomas | RU3: Toucan | RW3: Viewtop | RX3: Toucan | RZ3: Viewtop | SA3: 73rd Ave | SB3: 78th | SC3: Elmhurst | SD3: Lancaster | SE3: Oakdale | SG3: Lancaster | SH3: Sunrise | SK3: Flamingo | SM3: 106th Ave | SO3: Canterbury | SP3: 62nd Street | SQ3: Harborwood | SR3: Lake Valencia | SS3: Diane | ST3: Harborwood | SV3: 62nd Street | SW3: Huston | SX3: Long Bow | SY3: 4760 48th Ave | SZ3: Viewtop | TA3: IRB Back | TB3: Sandpiper | TC3: Canterbury | TD3: Elmhurst | TE3: Harborwood | TF3: Diane | TG3: 41st Bradenton | TH3: Harborwood | TI3: IRB Back | TJ3: 4877 49th Ave N | TK3: Huston | TL3: 4760 48th Ave | TM3: 79th Ave | TN3: 41st Bradenton | TO3: 47th Bradenton | TP3: Lake Valencia | TQ3: 70th | TR3: 4760 48th Ave | TS3: Diane | TT3: 4801 48th | TU3: Lancaster | TV3: 70th | TW3: 102nd | TX3: 4760 48th Ave | TY3: Sunrise | TZ3: Lake Valencia | UB3: Harborwood Dr | UC3: IRB Back | UE3: 11523 48th | UF3: 76th Ave | UG3: Elmhurst | UH3: Sunrise | UI3: 4801 48th | UJ3: Diane | UK3: 11523 48th | UL3: Canterbury | UM3: Huston | UO3: 62nd Street | UQ3: Long Bow | UR3: 11523 48th | US3: 73rd Ave | UT3: 65th Terr | UU3: Huston | UV3: 62nd Street | UW3: Winfield | UX3: 73rd Ave | UY3: Diane | UZ3: 102nd | VA3: Toucan | VB3: 120th Place | VE3: 78th | VF3: Toucan | VG3: Sheldon Chase | VH3: Diane | VI3: Diane | VJ3: Lake Valencia | VK3: Viewtop | VL3: Sheldon Chase | VM3: 52nd Ave | VN3: Oakdale | VO3: Toucan | VP3: 4877 49th Ave N | VR3: 52nd Ave | VT3: Viewtop | VU3: Long Bow | VV3: Toucan | VW3: Harborwood | VX3: Lancaster | VY3: 78th | VZ3: Elmhurst | WA3: 11523 48th | WB3: Diane | WC3: 11523 48th | WD3: 78th | WF3: Misty Plateau | WG3: Viewtop | WH3: 11523 48th | WI3: Lancaster | WJ3: 66th Ave | WK3: 73rd Ave | WL3: Oakdale | WM3: Lake Valencia | WN3: Viewtop | WP3: 66th Ave | WQ3: 66th Ave | WR3: Lake Valencia | WT3: 41st Bradenton | WU3: Sunrise | WW3: Oakdale | WX3: 66th Ave | WY3: IRB Back | WZ3: Toucan | XA3: Toucan | XB3: Sunrise | XD3: IRB Back | XF3: Toucan | XJ3: Oakdale | XK3: 11523 48th | XN3: Toucan | XO3: Toucan | XP3: 11523 48th | XR3: Lake Valencia | XW3: Sunrise | XY3: 52nd Ave | XZ3: Toucan | YA3: Canterbury | YC3: 102nd | YD3: 52nd Ave | YF3: 102nd | YJ3: Elmhurst | YK3: Toucan | YO3: 51st St | YP3: Toucan | YR3: Oakdale | YS3: Long Bow | YT3: 51st St | YV3: 65th | YX3: Lake Valencia | ZB3: 50th Ave | ZI3: 4801 49th | ZO3: Canterbury | ZP3: 4801 49th | ZT3: Canterbury | AAA3: 102nd | AAE3: Lake Valencia | AAG3: 82nd Terr | AAH3: 102nd | AAI3: 102nd | AAJ3: Lake Valencia | AAK3: 4760 48th Ave | AAL3: 82nd Terr | AAM3: 78th | AAO3: Winfield | AAP3: 73rd Ave | AAQ3: Misty Plateau | AAR3: 4760 48th Ave | AAS3: Lake Valencia | AAT3: Canterbury | AAU3: Canterbury | AAV3: Misty Plateau | AAW3: 52nd Ave | AAX3: Lake Valencia | AAZ3: Oakdale | ABB3: 51st St | ABF3: Harborwood Dr | ABG3: 73rd Ave | ABH3: 50th Ave | ABI3: Huston | ABK3: 102nd | ABM3: Canterbury | ABO3: Viewtop | ABP3: 73rd Ave | ABQ3: Elmhurst | ABS3: Lake Valencia | ABT3: Lancaster | ABU3: Lancaster | ABX3: Winfield | ABZ3: 102nd | ACA3: Winfield | ACE3: Elmhurst | ACF3: Diane | ACG3: 2137 Sandpiper | ACH3: Lake Valencia | ACI3: Lake Valencia | ACJ3: Huston | ACK3: 80th | ACL3: Elmhurst | ACM3: 76th Ave | ACN3: 102nd | ACO3: 73rd | ACR3: 2137 Sandpiper | ACT3: 66th Ave | ACU3: Canterbury | ACV3: Lake Valencia | ACW3: 66th Ave | ACX3: 80th | ACZ3: 4877 49th Ave N | ADA3: 41st Bradenton | ADB3: 66th Ave | ADC3: 66th Ave | ADE3: Viewtop | ADF3: Elmhurst | ADG3: 2137 Sandpiper | ADI3: Elmhurst | ADJ3: 66th Ave | ADK3: 66th Ave | ADL3: 4877 49th Ave N | ADM3: Lake Valencia | ADN3: 2137 Sandpiper | ADO3: 2137 Sandpiper | ADP3: 66th Ave | ADQ3: 62nd Street | ADR3: Lake Valencia | ADS3: 62nd Street | ADT3: 4877 49th Ave N | ADU3: 4877 49th Ave N | ADV3: Diane | ADW3: 66th Ave | ADX3: 76th Ave | ADY3: 4801 48th | ADZ3: 4877 49th Ave N | AEB3: 66th Ave | AEC3: 4877 49th Ave N | AED3: 11523 48th | AEG3: 66th Ave | AEJ3: 41st Bradenton | AEK3: Toucan | AEL3: 4877 49th Ave N | AEO3: 4877 49th Ave N | AEP3: Toucan | AEQ3: Malvern Cir | AER3: 80th | AES3: Diane | AET3: 4877 49th Ave N | AEU3: 80th | AEV3: 2137 Sandpiper | AEW3: 64th Street | AEY3: Viewtop | AEZ3: 51st St | AFB3: 64th Street | AFC3: 2137 Sandpiper | AFD3: Viewtop | AFE3: Malvern Cir | AFF3: Huston | AFG3: 78th | AFH3: 62nd Street | AFJ3: Winfield | AFK3: 62nd Street | AFM3: 64th Street | AFO3: Toucan | AFR3: 64th Street | AFS3: 64th Street | AFT3: Toucan | AFU3: Elmhurst | AFZ3: Malvern Cir | AGA3: 4877 49th Ave N | AGB3: Elmhurst | AGC3: Elmhurst | AGD3: 76th Ave | AGF3: 4877 49th Ave N | AGG3: 70th | AGH3: 66th Ave | AGI3: 66th Ave | AGL3: Elmhurst | AGM3: Elmhurst | AGN3: Malvern Cir | AGO3: 64th Street | AGP3: 66th Ave | AGQ3: 50th Ave | AGR3: Elmhurst | AGS3: Sunrise | AGT3: 64th Street | AGU3: Canterbury | AGV3: 62nd Street | AGW3: 4877 49th Ave N | AGY3: Viewtop | AGZ3: Canterbury | AHA3: 62nd Street | AHB3: 4877 49th Ave N | AHC3: Sunrise | AHD3: Viewtop | AHE3: 66th Ave | AHF3: 64th Street | AHG3: 51st St | AHH3: Sunrise | AHI3: Sunrise | AHJ3: 66th Ave | AHK3: Lake Valencia | AHL3: 51st St | AHM3: 66th Ave | AHN3: 62nd Street | AHO3: Sheldon Chase | AHP3: 102nd | AHQ3: 62nd Street | AHR3: 66th Ave | AHT3: 4877 49th Ave N | AHU3: Viewtop | AHV3: 4801 49th | AHW3: Lake Valencia | AHX3: 51st St | AHY3: 4801 49th | AHZ3: 50th Ave | AIA3: 76th Ave | AIB3: 62nd Street | AIH3: 4760 48th Ave | AII3: Malvern Cir | AIJ3: 66th Ave | AIL3: Viewtop | AIM3: 80th | AIN3: 4801 49th | AIO3: Elmhurst | AIP3: Oakdale | AIQ3: 41st Bradenton | AIS3: 64th Street | AIT3: Toucan | AIU3: 4760 48th Ave | AIW3: 50th Ave | AIX3: 64th Street | AIY3: Malvern Cir | AIZ3: 51st St | AJA3: 64th Street | AJB3: 4760 48th Ave | AJD3: 64th Street | AJE3: 62nd Street | AJG3: 4760 48th Ave | AJH3: 66th Ave | AJJ3: Sunrise | AJL3: 80th | AJN3: 62nd Street | AJO3: 60th St | AJS3: Diane | AJU3: 4801 49th | AJV3: Sheldon Chase | AJX3: 47th Bradenton | AJY3: 47th Bradenton | AJZ3: 4801 49th | AKA3: Toucan | AKB3: 66th Ave | AKC3: 73rd Ave | AKF3: 4760 48th Ave | AKG3: Misty Plateau | AKH3: Lake Valencia | AKI3: Lake Valencia | AKJ3: 73rd Ave | AKK3: 51st St | AKL3: 62nd Street | AKM3: Diane | AKN3: Huston | AKP3: 51st St | AKQ3: 66th Ave | AKR3: 73rd Ave | AKS3: Misty Plateau | AKT3: 80th | AKU3: 4801 49th | AKV3: IRB Back | AKW3: IRB Back | AKX3: 66th Ave | AKY3: 119th | AKZ3: 4801 49th | ALA3: Sunrise | ALC3: 4760 48th Ave | ALD3: 119th | ALE3: Misty Plateau | ALF3: Lake Valencia | ALG3: 11523 48th | ALH3: Sunrise | ALI3: Lake Valencia | ALJ3: Misty Plateau | ALK3: 50th Ave | ALL3: 66th Ave | ALM3: Harborwood Dr | ALN3: Lake Valencia | ALO3: Sunrise | ALP3: 50th Ave | ALR3: 119th | ALS3: 119th | ALT3: IRB Front | ALU3: 119th | ALV3: Sunrise | ALW3: IRB Back | ALX3: Viewtop | ALY3: 11523 48th | AMA3: Misty Plateau | AMB3: 62nd Street | AMC3: IRB Back | AMD3: 11523 48th | AME3: 11523 48th | AMF3: Misty Plateau | AMG3: 51st St | AMH3: IRB Back | AMI3: Brookside Dr | AMJ3: 73rd Ave | AMK3: 73rd Ave | AML3: 11523 48th | AMM3: 62nd Street | AMN3: Brookside Dr | AMO3: 51st St | AMP3: 62nd Street | AMQ3: 64th Street | AMR3: 102nd | AMS3: 11523 48th | AMT3: 64th Street | AMU3: 76th Ave | AMV3: 73rd Ave | AMW3: 2137 Sandpiper | AMX3: 66th Ave | AMY3: 106th Ave | AMZ3: 11523 48th | ANA3: Lancaster | ANB3: 2137 Sandpiper | ANC3: 76th Ave | AND3: 106th Ave | ANE3: Brookside Dr | ANF3: Lancaster | ANG3: Viewtop | ANH3: 76th Ave | ANI3: 50th Ave | ANJ3: Brookside Dr | ANK3: Brookside Dr | ANL3: Viewtop | ANM3: Sunrise | ANN3: 50th Ave | ANO3: 50th Ave | ANP3: Brookside Dr | ANQ3: 51st St | ANR3: Sunrise | ANS3: 73rd Ave | ANT3: 50th Ave | ANU3: Oakdale | ANV3: 51st St | ANW3: 66th Ave | ANX3: Brookside Dr | ANY3: 51st St | ANZ3: Oakdale | AOA3: 73rd Ave | AOB3: 2137 Sandpiper | AOC3: 2137 Sandpiper | AOE3: 11523 48th | AOF3: 73rd Ave | AOG3: 4877 49th Ave N | AOH3: 2137 Sandpiper | AOI3: 106th Ave | AOJ3: 11523 48th | AOK3: IRB Back | AOL3: 60th St | AOM3: 51st St | AON3: 4877 49th Ave N | AOO3: 11523 48th | AOQ3: Sunrise | AOR3: 106th Ave | AOS3: IRB Back | AOT3: 11523 48th | AOU3: Lake Valencia | AOV3: Sunrise | AOW3: Sunrise | AOX3: IRB Back | AOY3: 51st St | AOZ3: Lake Valencia | APA3: Malvern Cir | APB3: Sunrise | APC3: 47th Bradenton | APD3: 102nd | APE3: 119th | APF3: 76th Ave | APG3: 4801 49th | APH3: 47th Bradenton | API3: Viewtop | APJ3: 119th | APK3: IRB Back | APL3: 4801 49th | APM3: Brookside Dr | APN3: 62nd Street | APO3: 106th Ave | APP3: Lake Valencia | APQ3: 47th Bradenton | APR3: Huston | APS3: Lancaster | APT3: 4801 49th | APU3: 4801 48th | APV3: 102nd | APW3: 73rd Ave | APX3: 60th St | APY3: Lake Valencia | APZ3: 4801 48th | AQA3: Misty Plateau | AQB3: 73rd Ave | AQC3: Brookside Dr | AQD3: Sunrise | AQE3: 4760 48th Ave | AQG3: 54th Ave | AQH3: Misty Plateau | AQI3: 11523 48th | AQJ3: 4760 48th Ave | AQL3: 4801 48th | AQM3: Elmhurst | AQN3: 11523 48th | AQO3: 119th | AQP3: Toucan | AQQ3: Toucan | AQR3: Huston | AQS3: Malvern Cir | AQT3: 41st Bradenton | AQU3: 4801 48th | AQV3: Toucan | AQW3: 4877 49th Ave N | AQX3: 119th | AQZ3: 4801 48th | ARA3: IRB Back | ARB3: 4877 49th Ave N | ARC3: 66th Ave | ARE3: 11523 48th | ARG3: Sunrise | ARI3: Winfield | ARL3: Sunrise | ARM3: Harborview | ARN3: Winfield | ARP3: 64th Street | ARQ3: 66th Ave | ARR3: 76th Ave | ARW3: 106th Ave | ARX3: 66th Ave | ARY3: 64th Street | ASA3: Sunrise | ASB3: 106th Ave | ASC3: 50th Ave | ASD3: 64th Street | ASF3: 66th Ave | ASI3: 41st Bradenton | ASJ3: 50th Ave | ASK3: 62nd Street | ASL3: 102nd | ASM3: 76th Ave | ASN3: Toucan | ASO3: Toucan | ASP3: 62nd Street | ASQ3: 60th St | ASR3: 4760 48th Ave | AST3: Toucan | ASU3: 73rd Ave | ASV3: 11523 48th | ASW3: 11523 48th | ASX3: 119th | ASY3: Toucan | ASZ3: Harborview | ATA3: Harborview | ATB3: 11523 48th | ATC3: 11523 48th | ATD3: Toucan | ATE3: Lake Valencia | ATF3: Sunrise | ATG3: 60th St | ATH3: Harborview | ATI3: 73rd Ave | ATJ3: 106th Ave | ATK3: Elmhurst | ATM3: Sunrise | ATN3: 60th St | ATO3: Canterbury | ATP3: Lake Valencia | ATQ3: 60th St | ATR3: Sunrise | ATS3: 11523 48th | ATT3: Canterbury | ATU3: 4801 48th | ATV3: 60th St | ATX3: 62nd Street | ATY3: 52nd Ave | ATZ3: 11523 48th | AUA3: 73rd Ave | AUB3: Sunrise | AUC3: 1860 Sunrise | AUD3: IRB Back | AUE3: 11523 48th | AUF3: 73rd Ave | AUG3: Brookside Dr | AUH3: 1860 Sunrise | AUI3: 54th Ave | AUJ3: 64th Street | AUK3: 4801 48th | AUL3: 47th Bradenton | AUM3: 62nd Street | AUO3: Lake Valencia | AUP3: Sheldon Chase | AUQ3: 4760 48th Ave | AUR3: 11523 48th | AUS3: 11523 48th | AUT3: Lake Valencia | AUU3: 1860 Sunrise | AUV3: 4760 48th Ave | AUW3: Canterbury | AUY3: Elmhurst | AUZ3: 11523 48th | AVA3: 66th Ave | AVB3: Canterbury | AVC3: 11523 48th | AVD3: Elmhurst | AVE3: 51st St | AVF3: Lake Valencia | AVG3: Toucan | AVH3: 51st St | AVI3: 66th Ave | AVJ3: Brookside Dr | AVK3: 11523 48th | AVL3: Toucan | AVM3: Brookside Dr | AVN3: Winfield | AVO3: Flamingo | AVP3: Oakdale | AVQ3: IRB Back | AVR3: 11523 48th | AVS3: 66th Ave | AVT3: Sheldon Chase | AVU3: Oakdale | AVV3: IRB Back | AVW3: 106th Ave | AVX3: 66th Ave | AVY3: 60th St | AVZ3: Oakdale | AWB3: 52nd Ave | AWC3: 41st Bradenton | AWD3: 106th Ave | AWE3: 106th Ave | AWF3: Huston | AWG3: 11523 48th | AWH3: 60th St | AWI3: Brookside Dr | AWJ3: 106th Ave | AWK3: 60th St | AWL3: 102nd | AWM3: Sunrise | AWN3: 11523 48th | AWO3: IRB Back | AWP3: Toucan | AWQ3: Toucan | AWR3: 60th St | AWS3: 102nd | AWT3: Sunrise | AWU3: Brookside Dr | AWV3: Toucan | AWW3: IRB Back | AWX3: 52nd Ave | AWZ3: Brookside Dr | AXA3: 102nd | AXC3: 1860 Sunrise | AXE3: Elmhurst | AXF3: 41st Bradenton | AXG3: Oakdale | AXH3: 102nd | AXI3: 66th Ave | AXJ3: 64th Street | AXK3: 64th Street | AXL3: Oakdale | AXM3: 11523 48th | AXN3: 66th Ave | AXP3: 4801 49th | AXR3: 11523 48th | AXS3: 11523 48th | AXT3: 106th Ave | AXU3: 60th St | AXV3: 2137 Sandpiper | AXW3: 73rd Ave | AXX3: Oakdale | AXZ3: 47th Bradenton | AYB3: 73rd Ave | AYC3: 11523 48th | AYD3: 62nd Street | AYE3: 60th St | AYF3: 4801 49th | AYH3: 11523 48th | AYI3: 11523 48th | AYJ3: 73rd Ave | AYK3: Lancaster | AYL3: 66th Ave | AYN3: 11523 48th | AYO3: Sunrise | AYP3: 60th St | AYS3: 11523 48th | AYT3: Lake Valencia | AYU3: 60th St | AYW3: Lake Valencia | AYX3: 11523 48th | AYY3: 11523 48th | AZB3: Sunrise | AZC3: Sheldon Chase | AZE3: 60th St | AZI3: 11523 48th | AZJ3: 73rd | AZK3: Lake Valencia | AZL3: 60th St | AZM3: 60th St | AZN3: 82nd Terr | AZP3: 64th Street | AZR3: 60th St | AZS3: Toucan | AZW3: 54th Ave | AZX3: Toucan | AZY3: 102nd | BAA3: 106th Ave | BAD3: Sheldon Chase | BAF3: 106th Ave | BAH3: 11523 48th | BAJ3: Lake Valencia | BAM3: Lake Valencia | BAO3: 4801 48th | BAR3: 4801 48th | BAS3: 66th Ave | BAT3: 11523 48th | BBA3: Sunrise | BBC3: 4801 48th | BBF3: Sunrise | BBG3: 76th Ave | BBH3: 4801 48th | BBQ3: Sunrise | BCB3: Sunrise | BCC3: Sunrise | BCE3: Lake Valencia | BCH3: Sunrise | BCJ3: Lake Valencia | BCQ3: 11523 48th
C4: 11523 48th | F4: Lancaster | H4: 4801 48th | J4: Misty Plateau | K4: 80th | M4: Lancaster | R4: Toucan | V4: 80th | Y4: 80th | Z4: 47th Bradenton | AA4: Sunrise | AE4: Toucan | AJ4: Venetian | AK4: Sunrise | AO4: 11523 48th | AT4: Sunrise | BA4: Sunrise | BJ4: Lancaster | BO4: Lancaster | BQ4: 52nd Ave | BX4: 72nd Ave | CC4: 72nd Ave | CD4: Misty Plateau | CF4: Flamingo | CH4: 4877 49th Ave N | CJ4: Canterbury | CK4: Sheldon Chase | CM4: Misty Plateau | CO4: Canterbury | CQ4: 78th | CS4: 80th | CU4: 102nd | DN4: 50th Ave | EN4: Lantana | EP4: 65th Terr | ER4: 4760 48th Ave | ES4: 50th Ave | ET4: Lancaster | EV4: Canterbury | EW4: 4760 48th Ave | EX4: 11523 48th | EY4: Sunrise | EZ4: 52nd Ave | FA4: Sheldon Chase | FB4: IRB Front | FD4: 78th | FE4: 4877 49th Ave N | FF4: 4801 48th | FG4: 66th Ave | FH4: 66th Ave | FI4: Long Bow | FJ4: Oakdale | FK4: 80th | FL4: 11523 48th | FM4: Canterbury | FN4: Sheldon Chase | FO4: 102nd | FQ4: Sandpiper | FS4: Oakdale | FW4: 47th Bradenton | FZ4: 47th Bradenton | GB4: 11523 48th | GF4: 78th | GH4: Sunrise | GI4: 4801 48th | GK4: Long Bow | GM4: Mel Ray | GQ4: Sunrise | GR4: Sunrise | GT4: 11523 48th | GW4: Lancaster | GX4: 4801 48th | GY4: Long Bow | HC4: 4801 48th | HD4: 76th Ave | HF4: 66th Ave | HH4: Elmhurst | HJ4: Saint Thomas | HK4: 66th Ave | HM4: 78th | HP4: 102nd | HQ4: 79th Ave | HT4: 11523 48th | HU4: 66th Ave | HV4: Misty Plateau | HW4: 65th Terr | HX4: 65th Terr | HY4: 11523 48th | IA4: 82nd Terr | IB4: Stolls | ID4: 62nd Street | IF4: Misty Plateau | IH4: 4801 48th | II4: IRB Front | IJ4: Long Bow | IM4: 41st Bradenton | IN4: Misty Plateau | IO4: Long Bow | IP4: 72nd Ave | IQ4: 76th Ave | IT4: 78th | IV4: Lancaster | IX4: Long Bow | IY4: 72nd Ave | IZ4: 72nd Ave | JA4: 78th | JB4: Misty Plateau | JC4: 62nd Street | JD4: 119th | JG4: 66th Ave | JH4: Stolls | JJ4: Venetian | JK4: Sandpiper | JL4: 66th Ave | JM4: 73rd Ave | JN4: 11523 48th | JO4: Kumquat | JP4: Toucan | JQ4: 79th Ave | JR4: Stolls | JS4: 70th | JT4: Kumquat | JW4: 47th Bradenton | JX4: Saint Thomas | JY4: 4760 48th Ave | JZ4: 4801 48th | KA4: Toucan | KB4: Long Bow | KC4: Saint Thomas | KD4: Canterbury | KE4: 4801 48th | KF4: 102nd | KG4: 50th Ave | KJ4: 47th Bradenton | KK4: Diane | KL4: 62nd Street | KM4: Oakdale | KN4: 310 72nd Ave | KO4: Misty Plateau | KP4: Canterbury | KQ4: 62nd Street | KR4: Sandpiper | KS4: 72nd Ave | KT4: Misty Plateau | KU4: 73rd Ave | KV4: Lancaster | KW4: IRB Front | KX4: 78th | KZ4: 4801 48th | LA4: 102nd | LB4: Mel Ray | LC4: 51st St | LD4: 11523 48th | LE4: 4801 48th | LG4: 310 72nd Ave | LH4: IRB Front | LI4: Venetian | LJ4: 51st St | LM4: 41st Bradenton | LN4: 310 72nd Ave | LO4: 62nd Street | LP4: 4760 48th Ave | LQ4: 4877 49th Ave N | LR4: Misty Plateau | LS4: 310 72nd Ave | LT4: 310 72nd Ave | LU4: Sandpiper | LV4: IRB Front | LW4: 70th | LX4: 11523 48th | LY4: Misty Plateau | LZ4: Huston | MA4: 62nd Street | MB4: 73rd Ave | MC4: 4877 49th Ave N | MD4: Kumquat | ME4: 41st Bradenton | MF4: Lancaster | MG4: 73rd Ave | MH4: Canterbury | MI4: Kumquat | MJ4: 11523 48th | MK4: 310 72nd Ave | ML4: 310 72nd Ave | MM4: Sandpiper | MN4: 65th Terr | MO4: 4801 48th | MP4: 4801 48th | MQ4: Canterbury | MR4: 41st Bradenton | MS4: IRB Front | MT4: Sandpiper | MU4: 4801 48th | MV4: Diane | MW4: 4877 49th Ave N | MY4: Stolls | MZ4: Elmhurst | ND4: 4801 48th | NE4: Oakdale | NF4: Lancaster | NG4: Diane | NH4: Oakdale | NI4: 4801 48th | NK4: Lancaster | NM4: 310 72nd Ave | NP4: Viewtop | NR4: 4801 48th | NT4: 66th Ave | NU4: Sheldon Chase | NV4: Sunrise | NW4: 4801 48th | NY4: 66th Ave | NZ4: 4877 49th Ave N | OA4: Diane | OD4: 65th Terr | OE4: Stoll | OF4: Oakdale | OG4: 47th Bradenton | OH4: Venetian | OI4: Sunrise | OK4: Oakdale | OM4: Canterbury | OR4: Flamingo | OT4: 52nd Ave | OY4: Sunrise | PA4: 66th Ave | PH4: 4760 48th Ave | PJ4: 11523 48th | PM4: Viewtop | PO4: 4760 48th Ave | PP4: Diane | PQ4: Elmhurst | PV4: 52nd Ave | QA4: 52nd Ave | QC4: Oakdale | QJ4: Toucan | QL4: IRB Front | QN4: Elmhurst | QO4: 51st St | QP4: Misty Plateau | QQ4: Stolls | QS4: Elmhurst | QV4: Toucan | QW4: 62nd Street | QX4: Long Bow | QZ4: Huston | RA4: Sheldon Chase | RB4: Elmhurst | RC4: Sunrise | RD4: Misty Plateau | RE4: Huston | RH4: 41st Bradenton | RJ4: Oakdale | RL4: 4801 48th | RM4: Lancaster | RN4: Sunrise | RO4: 106th Ave | RQ4: 78th | RR4: Huston | RS4: 41st Bradenton | RT4: Misty Plateau | RU4: Oakdale | RZ4: 102nd | SA4: Sunrise | SB4: 73rd Ave | SC4: 11523 48th | SD4: Lake Valencia | SE4: Viewtop | SG4: 78th | SK4: 73rd Ave | SM4: Huston | SO4: Lancaster | SP4: Sunrise | SQ4: 62nd Street | SS4: 102nd | ST4: 41st Bradenton | SV4: Flamingo | SW4: Sunrise | SX4: 66th Ave | SY4: Sheldon Chase | SZ4: Toucan | TA4: 52nd Ave | TC4: Palm Dr. | TD4: Misty Plateau | TE4: 73rd Ave | TF4: 102nd | TG4: Lake Valencia | TH4: 76th Ave | TI4: 102nd | TJ4: 73rd Ave | TK4: Oakdale | TL4: 78th | TM4: 73rd Ave | TN4: Sheldon Chase | TO4: 106th Ave | TP4: 80th | TQ4: 120th Place | TR4: Diane | TS4: Long Bow | TT4: 47th Bradenton | TU4: Viewtop | TV4: 120th Place | TX4: Diane | TY4: 52nd Ave | TZ4: Saint Thomas | UB4: Lancaster | UC4: 120th Place | UE4: 106th Ave | UG4: Lake Valencia | UH4: Viewtop | UI4: 41st Bradenton | UJ4: Oakdale | UL4: Elmhurst | UM4: Elmhurst | UO4: Toucan | UQ4: Palm | US4: 78th | UT4: Huston | UU4: Canterbury | UV4: 51st St | UX4: 78th | UY4: Lake Valencia | UZ4: Huston | VA4: Sunrise | VE4: 106th Ave | VF4: 4801 49th | VG4: Long Bow | VH4: Lancaster | VI4: Sunrise | VJ4: Winfield | VL4: Long Bow | VM4: 73rd Ave | VN4: Diane | VO4: Sunrise | VR4: 73rd Ave | VU4: 11523 48th | VV4: Sunrise | VW4: 52nd Ave | VY4: 102nd | VZ4: Canterbury | WA4: 41st Bradenton | WB4: 52nd Ave | WD4: Oakdale | WI4: Misty Plateau | WJ4: 50th Ave | WL4: 102nd | WM4: 76th | WN4: Lancaster | WP4: 73rd Ave | WQ4: 73rd Ave | WR4: 76th | WT4: 76th | WW4: Lake Valencia | WY4: 4760 48th Ave | XF4: 11523 48th | XY4: 4801 48th | XZ4: 73rd Ave | YA4: 4877 49th Ave N | YC4: Winfield | YD4: Sunrise | YF4: Winfield | YK4: Lake Valencia | AAE4: Misty Plateau | AAG4: Canterbury | AAI4: 4801 49th | AAJ4: Misty Plateau | AAK4: Viewtop | AAL4: 4877 49th Ave N | AAM4: 4877 49th Ave N | AAO4: Lancaster | AAQ4: 73rd Ave | AAR4: Oakdale | AAS4: 4760 48th Ave | AAU4: Harborwood Dr | AAV4: 73rd Ave | AAX4: 70th | AAZ4: Huston | ABI4: 51st St | ABM4: Oakdale | ABO4: 4760 48th | ABP4: Winfield | ABQ4: 2137 Sandpiper | ABX4: Elmhurst | ACG4: 70th | ACJ4: 80th | ACL4: 52nd Ave | ACM4: Elmhurst | ACN4: 73rd Ave | ACR4: 70th | ACT4: Oakdale | ACW4: Toucan | ACX4: Winfield | ACZ4: Canterbury | ADA4: 52nd Ave | ADB4: Toucan | ADC4: 62nd Street | ADE4: 102nd | ADG4: 80th | ADJ4: 70th | ADK4: Toucan | ADL4: 119th | ADM4: 4877 49th Ave N | ADP4: Viewtop | ADR4: 70th | ADT4: Misty Plateau | ADW4: 102nd | ADX4: 65th Terr | ADY4: 11523 48th | AEB4: Canterbury | AEG4: 76th Ave | AEK4: 41st Bradenton | AEL4: 106th Ave | AEO4: 4801 48th | AEP4: 41st Bradenton | AER4: Diane | AES4: 41st Bradenton | AET4: Lancaster | AEU4: 4877 49th Ave N | AEV4: Huston | AEW4: 2137 Sandpiper | AEY4: Huston | AFB4: Canterbury | AFD4: 106th Ave | AFE4: 76th Ave | AFG4: Elmhurst | AFH4: 66th Ave | AFM4: 4877 49th Ave N | AFO4: 66th Ave | AFR4: 4877 49th Ave N | AFT4: Lake Valencia | AFU4: Sunrise | AGA4: 66th Ave | AGB4: Sunrise | AGC4: Malvern Cir | AGD4: Misty Plateau | AGF4: 119th | AGL4: 51st St | AGQ4: Sheldon Chase | AGR4: 2137 Sandpiper | AGS4: 66th Ave | AGT4: 80th | AGU4: Lancaster | AGV4: 41st Bradenton | AGY4: 41st Bradenton | AHB4: Sunrise | AHC4: 4801 48th | AHD4: 41st Bradenton | AHE4: 50th Ave | AHF4: Elmhurst | AHG4: 4877 49th Ave N | AHH4: 4801 48th | AHI4: 102nd | AHJ4: 50th Ave | AHK4: Misty Plateau | AHL4: 4877 49th Ave N | AHM4: 4877 49th Ave N | AHN4: 106th Ave | AHO4: 51st St | AHP4: Winfield | AHQ4: 47th Bradenton | AHR4: Lake Valencia | AHT4: 64th Street | AHU4: 4877 49th Ave N | AHV4: 4801 48th | AHW4: 66th Ave | AIA4: 119th | AII4: Sunrise | AIL4: 76th Ave | AIM4: 66th Ave | AIN4: 119th | AIS4: 4801 49th | AIT4: 50th Ave | AIU4: 119th | AIX4: 4801 49th | AIY4: Lake Valencia | AIZ4: 73rd Ave | AJA4: 4801 49th | AJE4: 76th Ave | AJN4: 4801 49th | AJO4: 106th | AJU4: Sunrise | AJZ4: Sunrise | AKA4: 4877 49th Ave N | AKB4: Diane | AKC4: 66th Ave | AKF4: Toucan | AKI4: Sunrise | AKJ4: 4877 49th Ave N | AKK4: 66th Ave | AKL4: 4801 49th | AKN4: Misty Plateau | AKP4: 66th Ave | AKQ4: 4801 48th | AKT4: Viewtop | AKU4: Sunrise | AKV4: 64th Street | AKW4: 4760 48th Ave | AKX4: 119th | AKY4: 73rd Ave | AKZ4: 52nd Ave | ALA4: 52nd Ave | ALB4: 4760 48th Ave | ALC4: Huston | ALD4: 73rd Ave | ALE4: 73rd Ave | ALF4: 11523 48th | ALG4: IRB Back | ALH4: 64th Street | ALI4: 64th Street | ALJ4: 73rd Ave | ALK4: Winfield | ALL4: Brookside Dr | ALM4: 66th Ave | ALN4: 64th Street | ALO4: 62nd Street | ALP4: Winfield | ALR4: 66th Ave | ALS4: Sheldon Chase | ALT4: 2137 Sandpiper | ALU4: Harborwood Dr | ALV4: Diane | ALW4: 76th Ave | ALX4: 73rd Ave | ALY4: 51st St | AMA4: 52nd Ave | AMB4: 64th Street | AMC4: 62nd Street | AMD4: 51st St | AME4: 119th | AMF4: 52nd Ave | AMG4: IRB Front | AMH4: Brookside Dr | AMI4: 64th Street | AML4: 62nd Street | AMM4: 102nd | AMN4: 51st St | AMO4: Canterbury | AMP4: 73rd Ave | AMQ4: 73rd Ave | AMR4: 76th Ave | AMS4: IRB Back | AMT4: Canterbury | AMU4: Sheldon Chase | AMV4: IRB Front | AMW4: Oakdale | AMX4: 106th Ave | AMY4: 52nd Ave | AMZ4: 51st St | ANA4: Harborwood Dr | ANB4: 76th Ave | ANC4: IRB Back | AND4: 52nd Ave | ANE4: Misty Plateau | ANF4: Harborwood Dr | ANG4: IRB Front | ANH4: IRB Back | ANI4: Winfield | ANJ4: Misty Plateau | ANK4: 102nd | ANL4: IRB Front | ANM4: IRB Front | ANN4: Winfield | ANO4: 4801 48th | ANP4: 51st St | ANQ4: Misty Plateau | ANR4: 102nd | ANS4: 102nd | ANT4: 4801 48th | ANU4: IRB Front | ANV4: Misty Plateau | ANW4: Lake Valencia | ANX4: Harborwood Dr | ANY4: 64th Street | ANZ4: 73rd Ave | AOA4: 102nd | AOB4: 11523 48th | AOC4: 4760 48th Ave | AOD4: 66th Ave | AOE4: Sunrise | AOF4: 102nd | AOG4: Toucan | AOH4: 4760 48th Ave | AOI4: 4760 48th Ave | AOJ4: Sunrise | AOK4: 50th Ave | AOL4: 64th Street | AOM4: 70th | AON4: Toucan | AOO4: 76th Ave | AOQ4: 2137 Sandpiper | AOR4: 47th Bradenton | AOS4: 80th | AOT4: 76th Ave | AOU4: 11523 48th | AOV4: 2137 Sandpiper | AOW4: 2137 Sandpiper | AOX4: 80th | AOY4: Toucan | AOZ4: 4877 49th Ave N | APB4: 66th Ave | APC4: Brookside Dr | APE4: 73rd Ave | APF4: 51st St | APG4: 2137 Sandpiper | APH4: Brookside Dr | API4: Lake Valencia | APJ4: 73rd Ave | APK4: 73rd Ave | APL4: 2137 Sandpiper | APM4: 52nd Ave | APN4: Canterbury | APO4: 62nd Street | APP4: 11523 48th | APQ4: 60th St | APR4: 70th | APS4: IRB Back | APT4: 66th Ave | APU4: 66th Ave | APV4: 47th Bradenton | APW4: 102nd | APX4: Lake Valencia | APY4: 4801 49th | APZ4: Viewtop | AQA4: Viewtop | AQB4: 66th Ave | AQD4: Huston | AQE4: Harborview | AQG4: Winfield | AQH4: Lake Valencia | AQI4: Oakdale | AQJ4: 82nd Terr | AQL4: 54th Ave | AQN4: 106th Ave | AQO4: Brookside Dr | AQP4: Oakdale | AQR4: Malvern Cir | AQU4: 64th Street | AQW4: 66th Ave | AQX4: 62nd Street | AQZ4: 64th Street | ARB4: 66th Ave | ARE4: 73rd Ave | ARG4: Lake Valencia | ARI4: 52nd Ave | ARL4: Lake Valencia | ARN4: 52nd Ave | ARQ4: 73rd Ave | ARW4: 60th St | ARX4: 102nd | ARY4: 4877 49th Ave N | ASA4: Toucan | ASB4: 60th St | ASC4: Lake Valencia | ASD4: 4877 49th Ave N | ASI4: 66th Ave | ASJ4: Sunrise | ASK4: Oakdale | ASM4: 47th Bradenton | ASN4: Harborview | ASO4: Sunrise | ASP4: 41st Bradenton | ASQ4: 102nd | ASR4: 76th Ave | AST4: Sunrise | ASV4: 82nd Terr | ASW4: 66th Ave | ASY4: Sunrise | ASZ4: 64th Street | ATA4: 119th | ATB4: 60th St | ATC4: Sheldon Chase | ATD4: 66th Ave | ATE4: 62nd Street | ATF4: Elmhurst | ATG4: Toucan | ATH4: Brookside Dr | ATK4: Brookside Dr | ATM4: Winfield | ATN4: Huston | ATO4: 2137 Sandpiper | ATP4: 11523 48th | ATQ4: 62nd Street | ATR4: Winfield | ATS4: Sunrise | ATT4: 2137 Sandpiper | ATU4: IRB Back | ATV4: 4801 49th | ATX4: 70th | ATY4: Oakdale | AUA4: Elmhurst | AUB4: Toucan | AUC4: Sunrise | AUD4: Brookside Dr | AUE4: 102nd | AUF4: Elmhurst | AUG4: 4877 49th Ave N | AUH4: Sunrise | AUJ4: Winfield | AUL4: Canterbury | AUM4: 73rd Ave | AUO4: Lancaster | AUP4: 66th Ave | AUQ4: Sunrise | AUR4: 106th Ave | AUS4: Oakdale | AUT4: Lancaster | AUV4: Sunrise | AUW4: Brookside Dr | AUY4: 73rd Ave | AUZ4: 51st St | AVA4: 106th Ave | AVC4: 2137 Sandpiper | AVD4: Brookside Dr | AVE4: Huston | AVF4: 64th Street | AVG4: IRB Back | AVH4: 11523 48th | AVI4: Harbor Hills | AVJ4: Huston | AVK4: 78th | AVL4: 1860 Sunrise | AVM4: Misty Plateau | AVN4: IRB Back | AVO4: Sunrise | AVQ4: Huston | AVR4: 66th Ave | AVS4: 1860 Sunrise | AVT4: 64th Street | AVU4: Sheldon Chase | AVV4: Huston | AVW4: Huston | AVX4: 1860 Sunrise | AVY4: 64th Street | AVZ4: Harbor Hills | AWB4: Elmhurst | AWD4: 11523 48th | AWE4: 52nd Ave | AWG4: Elmhurst | AWI4: 2137 Sandpiper | AWJ4: 52nd Ave | AWK4: Lake Valencia | AWL4: Winfield | AWM4: Oakdale | AWO4: Huston | AWP4: 2137 Sandpiper | AWQ4: 2137 Sandpiper | AWR4: Lake Valencia | AWS4: Elmhurst | AWT4: 1860 Sunrise | AWU4: 11523 48th | AWV4: IRB Back | AWW4: 64th Street | AWX4: Winfield | AWZ4: 11523 48th | AXA4: 11523 48th | AXF4: Lake Valencia | AXG4: Canterbury | AXH4: Sunrise | AXI4: 102nd | AXJ4: 4801 49th | AXL4: Canterbury | AXM4: 2137 Sandpiper | AXN4: 102nd | AXP4: 64th Street | AXR4: Harbor Hills | AXS4: Flamingo | AXU4: 106th Ave | AXW4: 52nd Ave | AXX4: Misty Plateau | AXZ4: 60th St | AYB4: Sunrise | AYC4: 73rd Ave | AYD4: 52nd Ave | AYF4: 41st Bradenton | AYJ4: Sunrise | AYK4: 64th Street | AYL4: 51st St | AYN4: 62nd Street | AYO4: Elmhurst | AYP4: Lancaster | AYT4: Brookside Dr | AYW4: 106th Ave | AZB4: Elmhurst | AZD4: 11523 48th | AZI4: Sunrise | AZK4: 64th Street | AZL4: 4877 49th Ave N | AZP4: Lake Valencia | AZY4: Elmhurst | BAA4: 64th Street | BAD4: 119th | BAF4: 64th Street | BAH4: 4801 48th | BAJ4: 54th Ave | BAO4: 11523 48th | BCJ4: 4877 49th Ave N
F5: Mel Ray | H5: 20th IRB | J5: 66th Ave | K5: 4801 48th | M5: Mel Ray | V5: Elmhurst | Y5: Elmhurst | BJ5: 73rd Ave | BO5: 73rd Ave | BQ5: Lantana | BX5: Sheldon Chase | CD5: Diane | CF5: Toucan | CH5: 80th | CJ5: 66th Ave | CK5: 4801 48th | CM5: Diane | CO5: Flamingo | CQ5: 73rd Ave | CS5: Lancaster | EP5: 102nd | ER5: 66th Ave | ET5: 76th Ave | EV5: Sandpiper | EX5: 82nd Terr | EY5: Flamingo | EZ5: Oakdale | FB5: Viewtop | FD5: Flamingo | FE5: Lancaster | FF5: Mel Ray | FG5: Toucan | FH5: 76th Ave | FI5: Oakdale | FJ5: Sunrise | FK5: 4801 48th | FM5: Lantana | FQ5: Misty Plateau | FS5: 4760 48th Ave | GF5: Long Bow | GH5: 65th Terr | GI5: 102nd | GT5: 82nd Terr | GX5: 80th | GY5: 11523 48th | HF5: 72nd Ave | HH5: Sunrise | HJ5: Flamingo | HK5: 72nd Ave | HM5: 41st Bradenton | HQ5: 4801 48th | HT5: 4801 48th | HU5: 50th Ave | HV5: 66th Ave | HY5: 80th | IA5: Sunrise | IB5: 119th | IH5: 80th | IJ5: Sunrise | IM5: 4801 48th | IN5: IRB Back | IO5: IRB Front | IP5: Kumquat | IQ5: 62nd Street | IT5: 50th Ave | IV5: 51st St | IX5: Palm Dr. | IY5: 11523 48th | IZ5: Sandpiper | JA5: 50th Ave | JB5: Lancaster | JC5: 310 72nd Ave | JG5: Toucan | JH5: 50th Ave | JJ5: Kumquat | JK5: IRB Back | JL5: Long Bow | JM5: 11523 48th | JN5: 73rd Ave | JO5: IRB Front | JQ5: Sandpiper | JR5: Palm Dr. | JS5: 102nd | JT5: 66th Ave | JW5: Oakdale | JX5: Sunrise | JY5: Diane | JZ5: 47th Bradenton | KA5: Stolls | KB5: Stolls | KC5: Sunrise | KD5: 51st St | KE5: 47th Bradenton | KF5: 4760 48th Ave | KG5: 70th | KJ5: 79th Ave | KK5: 72nd Ave | KL5: Saint Thomas | KM5: Stolls | KN5: Stolls | KQ5: Saint Thomas | KR5: Lantana | KS5: 4801 48th | KT5: 11523 48th | KU5: 41st Bradenton | KV5: 41st Bradenton | KW5: Oakdale | KX5: 66th Ave | KZ5: Long Bow | LA5: Kumquat | LB5: 102nd | LC5: Diane | LD5: 4877 49th Ave N | LE5: Viewtop | LG5: IRB Front | LH5: 4801 48th | LI5: 82nd Terr | LJ5: 70th | LM5: 102nd | LN5: 41st Bradenton | LO5: Stolls | LP5: 50th Ave | LQ5: Misty Plateau | LR5: 62nd Street | LS5: Diane | LT5: 4877 49th Ave N | LU5: 51st St | LV5: 4760 48th Ave | LX5: Palm Dr. | LY5: Lantana | LZ5: 65th Terr | MA5: Viewtop | MB5: Misty Plateau | MC5: 47th Bradenton | MD5: Viewtop | ME5: Flamingo | MF5: Flamingo | MG5: 51st St | MH5: IRB Back | MI5: Viewtop | MJ5: 70th | MK5: 65th Terr | ML5: Venetian | MM5: Oakdale | MO5: 79th Ave | MP5: 11523 48th | MQ5: 4760 48th Ave | MR5: Oakdale | MS5: Saint Thomas | MU5: 11523 48th | MW5: Elmhurst | MY5: 50th Ave | ND5: Long Bow | NF5: Huston | NG5: Sandpiper | NH5: Sheldon Chase | NI5: Long Bow | NK5: Sunrise | NM5: Viewtop | NR5: 11523 48th | NT5: Huston | NU5: Sunrise | NV5: 119th | NW5: Misty Plateau | NY5: Elmhurst | NZ5: 50th Ave | OA5: 102nd | OD5: Mel Ray | OF5: 66th Ave | OK5: 66th Ave | OM5: 11523 48th | OT5: Huston | OY5: 52nd Ave | PA5: 4801 48th | PH5: Toucan | PJ5: 51st St | PQ5: Toucan | PV5: 4801 48th | QA5: 4801 48th | QC5: Sheldon Chase | QJ5: Venetian | QL5: 41st Bradenton | QN5: 106th Ave | QQ5: 47th Bradenton | QS5: 106th Ave | QW5: 11523 48th | QX5: Sunrise | QZ5: 4801 48th | RB5: 119th | RE5: 4801 48th | RJ5: Viewtop | RL5: 52nd Ave | RM5: Sunrise | RQ5: 4801 48th | SA5: Long Bow | SB5: 4801 48th | SC5: Toucan | SD5: Sheldon Chase | SE5: Huston | SG5: 73rd Ave | SK5: 66th Ave | SM5: 52nd Ave | SO5: Sheldon Chase | SP5: Flamingo | SQ5: Flamingo | SS5: 11523 48th | ST5: Canterbury | SV5: Palm Dr. | SX5: Oakdale | SY5: 62nd Street | SZ5: 65th Terr | TC5: Winfield | TE5: Long Bow | TF5: 11523 48th | TG5: Diane | TH5: Canterbury | TJ5: 4801 48th | TK5: Sunrise | TL5: 4801 49th Ave | TM5: 52nd Ave | TO5: Sheldon Chase | TQ5: 51st St | TR5: Toucan | TT5: 106th Ave | TU5: 4801 48th | TV5: 51st St | TX5: Long Bow | TZ5: Lantana | UE5: 78th | UG5: 65th Terr | UH5: 4801 48th | UI5: Sunrise | UJ5: 11523 48th | UL5: Lake Valencia | UM5: Misty Plateau | UO5: Oakdale | US5: 4760 48th Ave | UU5: 102nd | UV5: 41st Bradenton | UX5: 4760 48th Ave | UZ5: Canterbury | VA5: Elmhurst | VE5: 66th Ave | VG5: 52nd Ave | VH5: Oakdale | VI5: 102nd | VJ5: 78th | VL5: 106th Ave | VM5: Sheldon Chase | VN5: Palm Dr. | VO5: 106th Ave | VU5: Diane | VV5: Huston | VW5: 2137 Sandpiper | VY5: Sunrise | VZ5: 106th Ave | WB5: 2137 Sandpiper | WD5: Diane | WI5: 78th | WL5: Sunrise | WP5: Misty Plateau | WT5: Lake Valencia | WY5: 4801 48th | XD5: 4760 48th Ave | XY5: 78th | YA5: Misty Plateau | YD5: 4801 48th | YF5: Canterbury | AAE5: 62nd Street | AAG5: Oakdale | AAJ5: 62nd Street | AAK5: 66th Ave | AAM5: 62nd Street | AAQ5: 2137 Sandpiper | AAR5: Palm Dr. | AAS5: Toucan | AAV5: 52nd Ave | AAX5: Viewtop | AAZ5: Elmhurst | ABI5: 50th | ABQ5: 73rd Ave | ABX5: 52nd Ave | ACG5: Diane | ACN5: Canterbury | ACW5: Sheldon Chase | ACX5: 4801 48th | ADB5: 65th Terr | ADC5: 65th Terr | ADE5: Canterbury | ADK5: 70th | ADM5: 119th | ADP5: 62nd Street | ADR5: 4801 48th | ADX5: Lancaster | ADY5: 65th Terr | AEB5: 52nd Ave | AEK5: Lancaster | AEP5: 66th Ave | AER5: 50th | AET5: 62nd Street | AEU5: 50th Ave | AEW5: Canterbury | AFB5: 80th | AFD5: Lake Valencia | AFE5: 51st St | AFH5: 47th Bradenton | AFM5: Lake Valencia | AFT5: Elmhurst | AGB5: 64th Street | AGD5: 102nd | AGS5: 51st St | AGU5: Diane | AGY5: Winfield | AHB5: Lancaster | AHC5: Canterbury | AHD5: Diane | AHE5: Viewtop | AHF5: Toucan | AHG5: Elmhurst | AHH5: Winfield | AHI5: Winfield | AHJ5: Viewtop | AHK5: Huston | AHL5: Canterbury | AHM5: 50th Ave | AHN5: Sheldon Chase | AHP5: 119th | AHR5: Misty Plateau | AHT5: 41st Bradenton | AHW5: Canterbury | AIA5: 102nd | AIS5: 4801 48th | AIT5: Winfield | AIX5: Elmhurst | AIY5: Oakdale | AIZ5: 62nd Street | AJN5: Malvern Cir | AJU5: 73rd Ave | AJZ5: 73rd Ave | AKA5: 80th | AKC5: Malvern Cir | AKI5: 11523 48th | AKK5: 4877 49th Ave N | AKN5: Lake Valencia | AKP5: 4877 49th Ave N | AKU5: Harborwood Dr | AKV5: Sheldon Chase | AKW5: Huston | AKY5: 64th Street | AKZ5: 41st Bradenton | ALA5: 4801 49th | ALB5: Harborwood Dr | ALD5: 4801 48th | ALE5: 119th | ALH5: 52nd Ave | ALI5: Sunrise | ALJ5: Viewtop | ALK5: 51st St | ALL5: Toucan | ALM5: IRB Front | ALN5: Sunrise | ALO5: 64th Street | ALP5: 51st St | ALR5: 76th Ave | ALT5: 4760 48th Ave | ALU5: Malvern Cir | ALV5: 52nd Ave | ALW5: 4760 48th Ave | ALY5: Lancaster | AMB5: Lake Valencia | AMC5: 106th Ave | AMD5: Lancaster | AME5: Canterbury | AMF5: Diane | AMG5: Misty Plateau | AMH5: Harborwood Dr | AMI5: 50th Ave | AML5: Malvern Cir | AMM5: 76th Ave | AMN5: IRB Front | AMO5: 119th | AMP5: 64th Street | AMQ5: 106th Ave | AMR5: IRB Back | AMT5: 119th | AMU5: 64th Street | AMV5: 2137 Sandpiper | AMW5: Toucan | AMX5: Lake Valencia | AMY5: Lake Valencia | AMZ5: Diane | ANA5: 62nd Street | ANB5: IRB Back | ANC5: 11523 48th | AND5: Oakdale | ANE5: 52nd Ave | ANF5: Lake Valencia | ANG5: 119th | ANH5: 62nd Street | ANI5: 51st St | ANJ5: 4801 48th | ANK5: 73rd Ave | ANL5: 119th | ANM5: 70th | ANO5: 52nd Ave | ANP5: 76th Ave | ANQ5: Lancaster | ANR5: 73rd Ave | ANS5: 2137 Sandpiper | ANT5: 70th | ANU5: Sheldon Chase | ANV5: Lancaster | ANW5: Malvern Cir | ANY5: Viewtop | ANZ5: 4877 49th Ave N | AOA5: 4877 49th Ave N | AOB5: Canterbury | AOC5: Lancaster | AOD5: Lake Valencia | AOE5: 41st Bradenton | AOF5: 4877 49th Ave N | AOG5: Sheldon Chase | AOH5: Lancaster | AOI5: 119th | AOJ5: 41st Bradenton | AOK5: 41st Bradenton | AOL5: Viewtop | AOM5: Canterbury | AON5: 76th Ave | AOO5: Winfield | AOQ5: Brookside Dr | AOR5: Malvern Cir | AOS5: 60th St | AOT5: Winfield | AOU5: 66th Ave | AOV5: Brookside Dr | AOW5: Huston | AOX5: 60th St | AOY5: IRB Front | AOZ5: 70th | APB5: Canterbury | APC5: 11523 48th | APE5: Lancaster | APF5: 2137 Sandpiper | APG5: 66th Ave | APH5: 11523 48th | API5: 11523 48th | APJ5: Lancaster | APK5: IRB Front | APL5: 66th Ave | APN5: 4877 49th Ave N | APP5: Oakdale | APQ5: Lake Valencia | APR5: 82nd Terr | APS5: Viewtop | APT5: Brookside Dr | APU5: Brookside Dr | APV5: 73rd Ave | APW5: Sunrise | APX5: 106th Ave | APY5: 64th Street | APZ5: 4877 49th Ave N | AQB5: Brookside Dr | AQD5: Oakdale | AQE5: 4877 49th Ave N | AQG5: 102nd | AQH5: IRB Front | AQI5: 62nd Street | AQJ5: Sheldon Chase | AQL5: Winfield | AQN5: 102nd | AQP5: 66th Ave | AQR5: Viewtop | AQU5: 11523 48th | AQX5: Lake Valencia | AQZ5: 11523 48th | ARB5: Brookside Dr | ARG5: 60th St | ARI5: Toucan | ARL5: 66th Ave | ARN5: 60th St | ARW5: Sheldon Chase | ARY5: 11523 48th | ASD5: 11523 48th | ASK5: Huston | ASM5: 80th | ASO5: 51st St | ASP5: Lake Valencia | ASR5: 47th Bradenton | AST5: 106th Ave | ASV5: IRB Back | ASW5: Lake Valencia | ASZ5: 70th | ATA5: Huston | ATB5: 102nd | ATD5: Lake Valencia | ATE5: 66th Ave | ATG5: 52nd Ave | ATK5: Harborview | ATM5: Oakdale | ATN5: Toucan | ATO5: Toucan | ATQ5: 41st Bradenton | ATR5: Oakdale | ATS5: Brookside Dr | ATT5: 64th Street | ATU5: Lancaster | ATV5: 106th Ave | ATX5: 102nd | AUA5: 62nd Street | AUC5: 64th Street | AUD5: Lake Valencia | AUF5: 62nd Street | AUH5: 60th St | AUL5: 76th Ave | AUM5: Huston | AUO5: Elmhurst | AUQ5: 60th St | AUR5: Oakdale | AUS5: IRB Back | AUT5: Elmhurst | AUV5: 47th Bradenton | AUW5: Lake Valencia | AUY5: Harborwood Dr | AUZ5: 4801 48th | AVC5: 4760 48th Ave | AVD5: Oakdale | AVE5: 52nd Ave | AVF5: Toucan | AVG5: Sheldon Chase | AVH5: 2137 Sandpiper | AVI5: 80th | AVJ5: 52nd Ave | AVO5: 76th Ave | AVQ5: Canterbury | AVR5: Harbor Hills | AVS5: 2137 Sandpiper | AVT5: Lake Valencia | AVV5: Canterbury | AVW5: Lake Valencia | AVX5: 2137 Sandpiper | AVZ5: 51st St | AWB5: 4801 49th | AWD5: Toucan | AWE5: 102nd | AWG5: 1860 Sunrise | AWJ5: 64th Street | AWK5: 64th Street | AWL5: Sunrise | AWM5: Winfield | AWO5: 52nd | AWR5: Elmhurst | AWS5: 60th St | AWU5: Sunrise | AWV5: Huston | AWW5: Toucan | AWX5: 73rd Ave | AWZ5: 102nd | AXA5: Huston | AXF5: 106th Ave | AXG5: 2137 Sandpiper | AXH5: IRB Back | AXI5: Harborview | AXJ5: Toucan | AXL5: 2137 Sandpiper | AXM5: Oakdale | AXN5: Harborview | AXP5: 4801 48th | AXR5: 60th St | AXU5: Sunrise | AXW5: 4801 49th | AXZ5: 106th Ave | AYB5: 11523 48th | AYC5: Sunrise | AYD5: Elmhurst | AYF5: 78th | AYJ5: Sheldon Chase | AZB5: 64th Street | AZD5: 106th Ave | AZP5: 11523 48th | BAA5: Sunrise | BAF5: Sunrise
F6: Sunrise | K6: 66th Ave | M6: 20th IRB | V6: 20th IRB | Y6: 102nd | BJ6: Sunrise | BO6: Sunrise | CD6: 65th Terr | CF6: Elmhurst | CH6: Viewtop | CJ6: Long Bow | CK6: 52nd Ave | CM6: Sheldon Chase | CO6: Toucan | CQ6: 4877 49th Ave N | CS6: 11523 48th | ER6: 62nd Street | ET6: Toucan | EX6: 47th Bradenton | EZ6: IRB Back | FB6: 4760 48th Ave | FD6: 73rd | FE6: 11523 48th | FF6: 11523 48th | FG6: IRB Front | FH6: 4877 49th Ave N | FI6: IRB Back | FJ6: Diane | FK6: Mel Ray | FM6: 65th Terr | FS6: 76th Ave | GF6: 73rd Ave | GH6: Lantana | GI6: 11523 48th | HF6: 41st Bradenton | HH6: 65th Terr | HM6: 76th Ave | HT6: Sunrise | HV6: 72nd Ave | HY6: 4801 48th | IA6: Misty Plateau | IH6: 66th Ave | IJ6: Lancaster | IM6: 4760 48th Ave | IO6: Palm Dr. | IQ6: 80th | IT6: 80th | IV6: Toucan | IY6: 4877 49th Ave N | IZ6: Sunrise | JA6: Lancaster | JB6: 41st Bradenton | JC6: Venetian | JH6: 78th | JJ6: Mel Ray | JK6: 65th Terr | JL6: Misty Plateau | JM6: 4801 48th | JN6: Lancaster | JO6: Stolls | JQ6: 310 72nd Ave | JR6: 72nd Ave | JS6: 4760 48th Ave | JW6: Saint Thomas | JX6: 11523 48th | JY6: Sheldon Chase | JZ6: 76th Ave | KA6: Flamingo | KB6: Misty Plateau | KC6: Kumquat | KD6: Flamingo | KE6: 310 72nd Ave | KF6: 66th Ave | KG6: Viewtop | KK6: 65th Terr | KL6: Sunrise | KM6: 102nd | KN6: IRB Front | KQ6: Sunrise | KR6: Sunrise | KS6: 78th | KT6: 62nd Street | KU6: Palm Dr. | KW6: 82nd Terr | KX6: Venetian | KZ6: 79th Ave | LA6: 11523 48th | LB6: 62nd Street | LC6: 4877 49th Ave N | LD6: Misty Plateau | LE6: 78th | LG6: 70th | LI6: Lancaster | LN6: Mel Ray | LO6: 4760 48th Ave | LP6: Saint Thomas | LQ6: Toucan | LR6: Long Bow | LS6: Flamingo | LT6: 47th Bradenton | LU6: Palm Dr. | LV6: 119th | LZ6: Lantana | MB6: 66th Ave | MC6: Long Bow | MD6: IRB Front | ME6: Sunrise | MF6: Long Bow | MG6: Huston | MI6: 66th Ave | MJ6: Saint Thomas | MK6: Lantana | ML6: Toucan | MM6: 72nd Ave | MO6: 62nd Street | MP6: Long Bow | MQ6: 41st Bradenton | MS6: Misty Plateau | MU6: Long Bow | MW6: Sheldon Chase | MY6: 51st St | ND6: Sunrise | NF6: 4760 48th Ave | NG6: 66th Ave | NK6: 11523 48th | NM6: Elmhurst | NR6: Diane | NT6: Long Bow | NU6: 52nd Ave | NY6: Viewtop | OA6: Long Bow | OF6: 4801 48th | OK6: 4801 48th | OM6: Venetian | OT6: Stolls | OY6: Huston | PA6: Flamingo | PV6: Viewtop | QA6: Viewtop | QC6: Diane | QJ6: Sheldon Chase | QL6: IRB Back | QN6: Huston | QQ6: 65th Terr | QS6: Huston | QW6: Long Bow | QZ6: 78th | RE6: 78th | RQ6: Misty Plateau | SA6: Saint Thomas | SG6: Misty Plateau | SK6: Long Bow | SM6: Saint Thomas | SO6: Palm Dr. | SQ6: Sunrise | ST6: 4877 49th Ave N | SV6: Saint Thomas | SX6: 4801 48th | TC6: 66th Ave | TE6: 4801 49th Ave | TG6: Elmhurst | TH6: Palm Dr. | TJ6: Sunrise | TM6: Saint Thomas | TO6: Palm Dr. | TQ6: Flamingo | TR6: 62nd Street | TT6: Elmhurst | TU6: 47th Bradenton | TV6: Flamingo | TX6: Oakdale | UE6: Huston | UG6: Sheldon Chase | UH6: 47th Bradenton | UI6: Lancaster | UJ6: 106th Ave | UL6: Toucan | UM6: Saint Thomas | US6: 52nd Ave | UU6: 4801 49th | UV6: Sunrise | UX6: Viewtop | UZ6: 52nd Ave | VG6: Toucan | VH6: Sunrise | VI6: 4760 48th Ave | VL6: 11523 48th | VN6: Sandpiper | VV6: 4801 48th | VW6: Oakdale | VZ6: Winfield | WD6: IRB Back | WI6: Toucan | WP6: 78th | WY6: 11523 48th | XD6: 4801 48th | YA6: 66th Ave | YF6: 4877 49th Ave N | AAE6: 73rd Ave | AAG6: 50th Ave | AAM6: 82nd | AAQ6: 64th Street | AAV6: 102nd | ABI6: Palm Dr. | ABX6: 2137 Sandpiper | ACN6: Toucan | ACW6: Oakdale | ADB6: Viewtop | ADC6: Winfield | ADK6: 76th Ave | ADP6: Toucan | ADR6: 102nd | AEB6: 4801 48th | AET6: Elmhurst | AEU6: 62nd Street | AEW6: Elmhurst | AFB6: 4877 49th Ave N | AFD6: Toucan | AFE6: 4801 49th | AFT6: 66th Ave | AGS6: 102nd | AGU6: 64th Street | AGY6: 106th Ave | AHC6: Lancaster | AHD6: 66th Ave | AHE6: Diane | AHF6: 51st St | AHG6: Toucan | AHH6: Misty Plateau | AHI6: 4801 48th | AHJ6: 52nd Ave | AHK6: Viewtop | AHL6: Harborwood Dr | AHN6: Lancaster | AHP6: 47th Bradenton | AHR6: Huston | AHT6: 80th | AIS6: 51st St | AIX6: Malvern Cir | AJN6: 76th Ave | AJU6: 66th Ave | AJZ6: 119th | AKA6: Viewtop | AKI6: 64th Street | AKK6: 4801 48th | AKP6: 4801 48th | AKU6: 62nd Street | AKW6: 51st St | AKY6: 66th Ave | AKZ6: Sunrise | ALA6: Sheldon Chase | ALB6: 62nd Street | ALD6: 2137 Sandpiper | ALE6: 62nd Street | ALI6: 52nd Ave | ALJ6: 4760 48th Ave | ALK6: 76th Ave | ALL6: IRB Front | ALM6: 2137 Sandpiper | ALN6: 62nd Street | ALO6: Lake Valencia | ALP6: Harborwood Dr | ALR6: IRB Back | ALT6: Lancaster | ALW6: 4801 48th | ALY6: Sunrise | AMB6: Toucan | AMC6: Lake Valencia | AMD6: Sunrise | AME6: 4760 48th Ave | AMF6: Viewtop | AMG6: 2137 Sandpiper | AMI6: Diane | AML6: 102nd | AMM6: IRB Back | AMN6: Misty Plateau | AMO6: Toucan | AMP6: 4760 48th Ave | AMQ6: Lake Valencia | AMR6: 11523 48th | AMT6: Toucan | AMV6: 50th Ave | AMX6: 62nd Street | AMY6: IRB Front | AMZ6: 4877 49th Ave N | ANA6: Canterbury | AND6: Malvern Cir | ANE6: Oakdale | ANF6: Toucan | ANG6: Toucan | ANH6: Canterbury | ANI6: 76th Ave | ANK6: 62nd Street | ANL6: 52nd Ave | ANM6: 119th | ANO6: Harborwood Dr | ANQ6: 76th Ave | ANR6: 62nd Street | ANS6: 11523 48th | ANT6: 119th | ANU6: 4801 48th | ANV6: 52nd Ave | ANY6: 52nd Ave | ANZ6: 102nd | AOA6: 70th | AOC6: Canterbury | AOD6: Elmhurst | AOE6: 76th Ave | AOF6: 51st St | AOG6: IRB Front | AOH6: 70th | AOJ6: Canterbury | AOL6: 52nd Ave | AON6: 80th | AOO6: 4801 49th | AOQ6: Lancaster | AOR6: IRB Front | AOS6: Malvern Cir | AOT6: 4760 48th Ave | AOU6: 102nd | AOV6: Lancaster | AOW6: 64th Street | AOX6: 82nd Terr | AOY6: 4760 48th Ave | AOZ6: 11523 48th | APC6: IRB Back | APE6: 4801 48th | APF6: Sheldon Chase | APG6: 51st St | APH6: Huston | API6: Huston | APJ6: 4801 48th | APK6: Toucan | APL6: Misty Plateau | APN6: 106th Ave | APP6: 4760 48th Ave | APQ6: Misty Plateau | APS6: 4877 49th Ave N | APT6: Sunrise | APU6: Huston | APV6: Sheldon Chase | APW6: 82nd Terr | APX6: 80th | APZ6: 2137 Sandpiper | AQB6: 62nd Street | AQE6: 2137 Sandpiper | AQG6: 73rd Ave | AQI6: Lake Valencia | AQJ6: 119th | AQL6: 73rd Ave | AQN6: Lancaster | AQP6: 60th St | AQU6: Sheldon Chase | AQX6: 50th Ave | AQZ6: Canterbury | ARG6: 64th Street | ARI6: 102nd | ARL6: IRB Back | ARN6: Elmhurst | ARY6: 66th Ave | ASK6: Lancaster | ASM6: 4801 49th | ASO6: 4801 48th | ASP6: 73rd Ave | ASR6: 80th | AST6: 52nd Ave | ASV6: 4877 49th Ave N | ASW6: IRB Back | ATB6: 2137 Sandpiper | ATD6: 73rd Ave | ATK6: 4877 49th Ave N | ATM6: 64th Street | ATQ6: Lake Valencia | ATR6: Elmhurst | ATT6: Harborview | ATV6: 52nd Ave | ATX6: 4801 48th | AUA6: 60th St | AUC6: Winfield | AUH6: 70th | AUO6: 52nd Ave | AUR6: Toucan | AUS6: Toucan | AUT6: 52nd Ave | AUV6: 2137 Sandpiper | AUY6: 41st Bradenton | AVC6: Sunrise | AVD6: IRB Back | AVE6: Elmhurst | AVG6: 64th Street | AVH6: 4760 48th Ave | AVI6: 73rd Ave | AVJ6: Elmhurst | AVO6: Harborwood Dr | AVQ6: Lancaster | AVS6: Palm Dr. | AVV6: Lancaster | AVX6: 4760 48th Ave | AVZ6: 102nd | AWB6: IRB Front | AWE6: Winfield | AWG6: 62nd Street | AWJ6: Lake Valencia | AWK6: 106th Ave | AWL6: 41st Bradenton | AWR6: Canterbury | AWS6: 4801 48th | AWU6: Sheldon Chase | AWV6: Oakdale | AWX6: 2137 Sandpiper | AWZ6: Elmhurst | AXA6: 82nd Terr | AXF6: 54th Ave | AXG6: 47th Bradenton | AXH6: 11523 48th | AXI6: Harbor Hills | AXL6: 47th Bradenton | AXN6: 73rd Ave | AXR6: Sunrise | AXU6: IRB Back | AXW6: Sheldon Chase | AXZ6: Winfield | AYD6: 70th | AYJ6: 64th Street | AZB6: Toucan | AZD6: 60th St | AZP6: Sunrise | BAA6: 11523 48th | BAF6: 102nd
F7: 62nd Street | M7: Sunrise | V7: 11523 48th | BJ7: 52nd Ave | CJ7: Sandpiper | CM7: 52nd | CQ7: 66th Ave | ER7: 4877 49th Ave N | ET7: Sheldon Chase | EX7: Long Bow | EZ7: Sunrise | FB7: 50th Ave | FE7: Stolls | FF7: Lancaster | FI7: 4760 48th Ave | FK7: 72nd Ave | FM7: Palm Dr. | FS7: Sunrise | HF7: 11523 48th | HH7: 4760 48th Ave | HM7: 11523 48th | HT7: Lancaster | HV7: 73rd Ave | IH7: 47th Bradenton | IJ7: Toucan | IM7: Misty Plateau | IO7: Stolls | IQ7: Lancaster | IT7: 62nd Street | IV7: 119th | IY7: Sunrise | IZ7: 11523 48th | JA7: 51st St | JB7: 80th | JC7: 4760 48th Ave | JH7: 76th Ave | JJ7: 72nd Ave | JL7: IRB Back | JM7: Lancaster | JN7: 41st Bradenton | JO7: 50th Ave | JQ7: 66th Ave | JS7: 73rd Ave | JW7: Huston | JX7: Lancaster | JZ7: 50th Ave | KA7: Canterbury | KB7: Sandpiper | KC7: 11523 48th | KD7: 80th | KE7: IRB Front | KG7: Long Bow | KL7: Lancaster | KN7: Oakdale | KQ7: Viewtop | KS7: 11523 48th | KT7: 4760 48th Ave | KU7: Stolls | KX7: 82nd Terr | KZ7: 310 72nd Ave | LA7: 62nd Street | LB7: 4760 48th Ave | LC7: 65th Terr | LD7: Toucan | LE7: Sandpiper | LG7: Oakdale | LI7: 50th Ave | LN7: Viewtop | LP7: Venetian | LQ7: 76th Ave | LR7: 102nd | LS7: Lantana | LT7: 41st Bradenton | LU7: IRB Front | MB7: Sandpiper | MC7: 72nd Ave | MD7: 310 72nd Ave | ME7: Saint Thomas | MF7: 79th Ave | MG7: 4801 48th | MI7: 11523 48th | MJ7: Misty Plateau | MK7: Lancaster | ML7: 73rd Ave | MM7: Flamingo | MO7: Sunrise | MP7: Lancaster | MQ7: 76th Ave | MS7: 310 72nd Ave | MU7: Venetian | MW7: Huston | MY7: Lantana | ND7: 11523 48th | NK7: 50th Ave | NM7: 65th Terr | NR7: 102nd | NT7: Toucan | NY7: Lancaster | OF7: 78th | OK7: 78th | OT7: 66th Ave | PA7: Misty Plateau | PV7: 65th Terr | QA7: 65th Terr | QC7: 4760 48th Ave | QL7: Lancaster | QN7: 52nd Ave | QQ7: Winfield | QS7: Venetian | QW7: 310 72nd Ave | QZ7: 66th Ave | RE7: 66th Ave | RQ7: Long Bow | SG7: 4801 48th | SK7: Oakdale | SM7: 65th Terr | SO7: Toucan | SQ7: Viewtop | ST7: 106th Ave | SV7: Sunrise | TC7: 106th Ave | TE7: Toucan | TG7: Viewtop | TH7: Winfield | TJ7: 52nd Ave | TM7: 76th Ave | TO7: 4801 49th Ave | TQ7: 4877 49th Ave N | TR7: IRB Back | TT7: Viewtop | TV7: 4877 49th Ave N | UE7: 4801 49th Ave | UH7: IRB Back | UI7: Viewtop | UJ7: 78th | UL7: 66th Ave | US7: 11523 48th | UV7: Lancaster | UX7: Sheldon Chase | UZ7: Palm Dr. | VG7: Sandpiper | VI7: Huston | VL7: 52nd Ave | VN7: 41st Bradenton | VZ7: Long Bow | YA7: 73rd Ave | YF7: Misty Plateau | AAE7: 4877 49th Ave N | AAG7: 80th | AAM7: 52nd | AAQ7: 47th Bradenton | AAV7: 2137 Sandpiper | ADB7: 62nd Street | AEB7: 78th | AET7: 64th Street | AEU7: 66th Ave | AEW7: Lancaster | AFB7: Diane | AFD7: Malvern Cir | AGS7: Huston | AGU7: Elmhurst | AHC7: 119th | AHE7: 41st Bradenton | AHF7: 102nd | AHG7: 64th Street | AHH7: Huston | AHK7: 52nd Ave | AHN7: Sunrise | AHP7: 76th Ave | AHR7: Viewtop | AHT7: Malvern Cir | AIX7: Lake Valencia | AJZ7: Viewtop | AKA7: Sheldon Chase | AKK7: 73rd Ave | AKP7: Sunrise | AKU7: 76th Ave | AKW7: Lake Valencia | AKY7: IRB Front | ALA7: 41st Bradenton | ALB7: 76th Ave | ALD7: 50th Ave | ALK7: Misty Plateau | ALL7: 119th | ALN7: Huston | ALO7: Toucan | ALR7: 11523 48th | ALW7: IRB Front | ALY7: Diane | AMB7: IRB Back | AMD7: 76th Ave | AMF7: 2137 Sandpiper | AMG7: Sunrise | AMM7: 11523 48th | AMN7: 119th | AMO7: Sheldon Chase | AMP7: 66th Ave | AMQ7: 62nd Street | AMR7: Lancaster | AMT7: Sheldon Chase | AMV7: 52nd Ave | AMX7: Sunrise | AMY7: 119th | ANA7: 50th Ave | AND7: Brookside Dr | ANE7: 106th Ave | ANF7: Sheldon Chase | ANG7: Lake Valencia | ANH7: 50th Ave | ANI7: 4760 48th Ave | ANK7: 47th Bradenton | ANL7: Sunrise | ANM7: 66th Ave | ANO7: Canterbury | ANQ7: Brookside Dr | ANR7: Toucan | ANS7: Sunrise | ANT7: 66th Ave | ANU7: 119th | ANV7: 64th Street | ANZ7: 60th St | AOA7: Brookside Dr | AOC7: Oakdale | AOD7: Sunrise | AOE7: 47th Bradenton | AOF7: Sheldon Chase | AOG7: Huston | AOH7: Brookside Dr | AOJ7: 82nd Terr | AOL7: Winfield | AOO7: 62nd Street | AOQ7: 64th Street | AOR7: IRB Back | AOS7: IRB Front | AOT7: Sheldon Chase | AOU7: Sheldon Chase | AOV7: 4801 49th | AOX7: 50th Ave | APC7: Misty Plateau | APE7: 52nd Ave | APF7: Harborwood Dr | APG7: 62nd Street | APH7: Viewtop | API7: Sheldon Chase | APJ7: 47th Bradenton | APL7: 50th Ave | APN7: 60th St | APP7: IRB Back | APQ7: 11523 48th | APS7: 2137 Sandpiper | APT7: 78th | APW7: Sheldon Chase | APX7: Winfield | APZ7: 11523 48th | AQB7: 102nd | AQE7: Lancaster | AQG7: Sunrise | AQJ7: Toucan | AQL7: Sunrise | ARG7: 70th | ARN7: 11523 48th | ARY7: 102nd | ASK7: 52nd Ave | ASM7: Brookside Dr | ASO7: Harborview | ASR7: 4801 49th | AST7: 66th Ave | ASV7: Sheldon Chase | ASW7: Brookside Dr | ATB7: Palm Dr. | ATK7: 106th Ave | ATM7: 102nd | ATR7: Brookside Dr | ATT7: 4877 49th Ave N | AUA7: 66th Ave | AUC7: 47th Bradenton | AUH7: 52nd Ave | AUO7: 2137 Sandpiper | AUS7: IRB Front | AUT7: 62nd Street | AUV7: 54th Ave | AUY7: 62nd Street | AVC7: 4801 48th | AVD7: 60th St | AVE7: Lancaster | AVG7: Lake Valencia | AVH7: Sunrise | AVI7: 41st Bradenton | AVJ7: Lancaster | AVQ7: 4801 48th | AVS7: Harbor Hills | AVV7: 4801 48th | AVX7: Sunrise | AWE7: Sunrise | AWJ7: Sheldon Chase | AWL7: Harborwood Dr | AWS7: Canterbury | AWV7: 62nd Street | AWZ7: 60th St | AXG7: 52nd Ave | AXI7: 60th St | AXL7: 52nd Ave | AXN7: Lancaster | AXU7: Elmhurst | AXW7: 64th Street | AYJ7: Malvern Cir | BAA7: 4801 48th | BAF7: Elmhurst
BJ8: Lantana | CJ8: Lancaster | CQ8: 65th Terr | ER8: Misty Plateau | ET8: 119th | EX8: Elmhurst | EZ8: 80th | FE8: Misty Plateau | FF8: Huston | FI8: Diane | FK8: Kumquat | FM8: 50th Ave | HF8: 4801 48th | HH8: 47th Bradenton | HM8: 102nd | HT8: Oakdale | HV8: Sheldon Chase | IJ8: 79th Ave | IO8: Sunrise | IQ8: Toucan | IT8: 66th Ave | IV8: 4760 48th Ave | IZ8: 4801 48th | JA8: Misty Plateau | JC8: Long Bow | JH8: 4760 48th Ave | JJ8: 62nd Street | JM8: 41st Bradenton | JO8: 78th | JQ8: Long Bow | JS8: Lancaster | JW8: Viewtop | JX8: 102nd | JZ8: 70th | KB8: Toucan | KC8: Lancaster | KE8: 66th Ave | KL8: 50th Ave | KN8: 102nd | KQ8: 4760 48th Ave | KS8: 47th Bradenton | KT8: 51st St | KX8: 50th Ave | KZ8: IRB Front | LA8: 4760 48th Ave | LC8: Canterbury | LD8: 65th Terr | LE8: 66th Ave | LG8: 73rd Ave | LN8: Sandpiper | LQ8: 65th Terr | LR8: Toucan | LS8: Sunrise | LT8: Flamingo | LU8: 4801 48th | MC8: IRB Back | MD8: 4877 49th Ave N | ME8: Lancaster | MF8: Sunrise | MG8: 82nd Terr | MI8: Venetian | MJ8: Kumquat | MK8: 80th | ML8: Elmhurst | MM8: Long Bow | MO8: 11523 48th | MP8: Sunrise | MQ8: Palm Dr. | MU8: Toucan | MW8: Mel Ray | ND8: 50th Ave | NK8: 102nd | NR8: Stoll | NY8: Huston | OF8: Canterbury | OK8: Elmhurst | OT8: 4801 48th | PV8: 4760 48th Ave | QL8: Viewtop | QN8: 66th Ave | QQ8: IRB Front | QS8: 52nd Ave | QZ8: 47th Bradenton | RE8: 47th Bradenton | RQ8: 52nd Ave | SK8: 4801 48th | SO8: Sandpiper | SQ8: Elmhurst | ST8: Huston | TC8: Flamingo | TE8: Misty Plateau | TG8: 11523 48th | TH8: 66th Ave | TJ8: Oakdale | TO8: 66th Ave | TQ8: IRB Front | TT8: 11523 48th | TV8: IRB Front | UE8: Long Bow | UJ8: Huston | UL8: 73rd Ave | US8: 120th Place | UV8: Toucan | UZ8: Elmhurst | VG8: 41st Bradenton | VI8: 4801 48th | VL8: Toucan | VN8: Sunrise | VZ8: 11523 48th | YA8: Lancaster | YF8: 66th Ave | AAE8: Palm Dr. | AEW8: 106th Ave | AFB8: Sheldon Chase | AFD8: 76th Ave | AGS8: 52nd Ave | AGU8: Toucan | AHC8: 76th Ave | AHF8: Lake Valencia | AHH8: 4801 49th | AHP8: Toucan | AHR8: Elmhurst | AHT8: 52nd Ave | AIX8: 4801 48th | AJZ8: 4877 49th Ave N | AKA8: 119th | AKP8: 11523 48th | AKU8: 80th | AKW8: 11523 48th | AKY8: Lancaster | ALB8: 80th | ALD8: 51st St | ALK8: 4760 48th Ave | ALN8: Sheldon Chase | ALO8: 4801 49th | ALR8: Misty Plateau | ALW8: 66th Ave | ALY8: Viewtop | AMB8: 106th Ave | AMD8: 4760 48th Ave | AMF8: Sheldon Chase | AMG8: Viewtop | AMM8: Lancaster | AMN8: Canterbury | AMO8: Oakdale | AMP8: Lake Valencia | AMQ8: Sunrise | AMT8: Oakdale | AMY8: 66th Ave | ANA8: 51st St | AND8: Misty Plateau | ANE8: 2137 Sandpiper | ANF8: 4760 48th Ave | ANG8: Malvern Cir | ANH8: 51st St | ANI8: 4877 49th Ave N | ANK8: 64th Street | ANM8: Viewtop | ANO8: Winfield | ANR8: Oakdale | ANS8: 41st Bradenton | ANT8: 47th Bradenton | ANU8: 50th Ave | ANV8: 76th Ave | AOC8: Harborwood Dr | AOD8: 41st Bradenton | AOE8: 66th Ave | AOF8: Huston | AOG8: 102nd | AOH8: 119th | AOO8: Toucan | AOQ8: 82nd Terr | AOS8: Viewtop | AOT8: Huston | AOU8: 106th Ave | AOV8: 62nd Street | AOX8: 73rd Ave | APC8: 50th Ave | APE8: 102nd | APG8: 82nd Terr | APH8: 70th | API8: 80th | APJ8: 54th Ave | APL8: 102nd | APN8: Viewtop | APP8: 76th Ave | APQ8: Oakdale | APS8: Canterbury | APX8: 64th Street | APZ8: 52nd Ave | AQE8: 60th St | AQG8: 52nd Ave | AQL8: 52nd Ave | ARN8: 73rd Ave | ASK8: IRB Back | ASM8: 106th Ave | ASO8: 2137 Sandpiper | ASR8: Brookside Dr | AST8: 51st St | ASW8: 106th Ave | ATR8: Palm Dr. | ATT8: 73rd Ave | AUC8: Canterbury | AUH8: Lancaster | AUO8: 47th Bradenton | AUT8: 73rd Ave | AVC8: Canterbury | AVE8: Winfield | AVH8: 66th Ave | AVI8: 47th Bradenton | AVJ8: Canterbury | AVQ8: Winfield | AVS8: 51st St | AVV8: Winfield | AVX8: Brookside Dr | AWE8: Toucan | AWL8: Malvern Cir | AWS8: 41st Bradenton | AWV8: 66th Ave | AWZ8: 82nd Terr | AXG8: 73rd Ave | AXI8: Sunrise | AXL8: Elmhurst | AXN8: Winfield | AXU8: Lake Valencia | BAA8: Lake Valencia
CJ9: 11523 48th | CQ9: Long Bow | ER9: Palm Dr. | EZ9: Kumquat | FF9: Misty Plateau | FI9: 62nd Street | FK9: 78th | FM9: Stolls | HM9: Elmhurst | HT9: Huston | IO9: 72nd | IZ9: 4877 49th Ave N | JA9: 80th | JM9: Toucan | JO9: Palm Dr. | JQ9: 76th Ave | JW9: 62nd Street | JX9: 310 72nd Ave | JZ9: Viewtop | KC9: 102nd | KE9: Palm Dr. | KL9: 72nd Ave | KQ9: 51st St | KS9: 66th Ave | KT9: Toucan | KX9: Saint Thomas | KZ9: 70th | LC9: Toucan | LD9: Canterbury | LE9: Long Bow | LG9: Kumquat | LN9: 66th Ave | LQ9: Canterbury | LR9: 78th | LS9: 41st Bradenton | LT9: Sunrise | LU9: 119th | MC9: 50th Ave | MD9: 72nd Ave | ME9: Canterbury | MF9: 4760 48th Ave | MG9: Sheldon Chase | MI9: 119th | MJ9: Sheldon Chase | MP9: 66th Ave | MQ9: 102nd | MU9: 73rd Ave | ND9: 102nd | OF9: 102nd | OK9: 65th Terr | OT9: Viewtop | QL9: Sunrise | QN9: 11523 48th | QQ9: 41st Bradenton | QZ9: Lancaster | SQ9: Misty Plateau | ST9: 73rd Ave | TC9: 65th Terr | TG9: Lancaster | TH9: 106th Ave | TO9: 41st Bradenton | TQ9: 78th | TT9: Lancaster | TV9: 78th | UE9: 66th Ave | UJ9: 4801 49th Ave | UV9: 119th | UZ9: Long Bow | VG9: 4877 49th Ave N | VI9: Lancaster | VL9: Saint Thomas | VN9: 102nd | VZ9: Harborwood | YA9: IRB Back | YF9: 73rd Ave | AAE9: Toucan | AEW9: Lake Valencia | AFB9: 4801 49th | AGS9: Harborwood Dr | AGU9: Misty Plateau | AHC9: 80th | AHR9: Diane | AKA9: Elmhurst | AKP9: 50th Ave | AKU9: Viewtop | AKW9: Toucan | ALB9: Misty Plateau | ALD9: IRB back | ALK9: Viewtop | ALN9: 4801 49th | ALO9: Huston | ALY9: 2137 Sandpiper | AMB9: Canterbury | AMD9: 4801 48th | AMF9: IRB Front | AMM9: 52nd Ave | AMN9: 106th Ave | AMO9: 4801 48th | AMP9: Sunrise | AMQ9: 66th Ave | AMT9: 4801 48th | AMY9: Sunrise | ANA9: 4877 49th Ave N | ANF9: Viewtop | ANG9: Sheldon Chase | ANH9: 4877 49th Ave N | ANM9: IRB Back | ANR9: 106th Ave | ANS9: Toucan | ANT9: 4760 48th Ave | AOD9: IRB Front | AOE9: Lake Valencia | AOF9: Toucan | AOG9: 4801 48th | AOH9: 50th Ave | AOO9: 52nd Ave | AOQ9: 4877 49th Ave N | AOT9: 66th Ave | AOV9: Toucan | AOX9: Malvern Cir | APE9: Canterbury | APG9: 76th Ave | API9: Winfield | APJ9: Toucan | APL9: 51st St | APP9: Harborwood Dr | APQ9: 102nd | APX9: Misty Plateau | AQG9: IRB Back | AQL9: Harborview | ARN9: Toucan | ASK9: 4877 49th Ave N | ASM9: 11523 48th | ASO9: Elmhurst | ASR9: Oakdale | AST9: 4801 48th | ATR9: 66th Ave | ATT9: 54th Ave | AUC9: Sheldon Chase | AUO9: 64th Street | AUT9: Huston | AVE9: Oakdale | AVH9: 47th Bradenton | AVQ9: 54th Ave | AVS9: 52nd Ave | AVV9: 50th Ave | AVX9: 73rd Ave | AWE9: Canterbury | AWL9: Brookside Dr | AWS9: Lake Valencia | AWZ9: 4801 48th | AXG9: Lancaster | AXI9: 41st Bradenton | AXL9: Huston | AXN9: 62nd Street
CJ10: 102nd | CQ10: Sandpiper | FI10: Misty Plateau | FK10: Flamingo | HM10: Sunrise | HT10: Diane | JA10: Toucan | JO10: 80th | JQ10: 72nd Ave | JW10: Misty Plateau | JX10: IRB Front | JZ10: 73rd Ave | KE10: Mel Ray | KL10: 4801 48th | KQ10: Lantana | KS10: 79th Ave | KZ10: Oakdale | LD10: Diane | LE10: Palm Dr. | LG10: Mel Ray | LN10: 73rd Ave | LR10: Kumquat | LS10: Mel Ray | LT10: Diane | LU10: Huston | MC10: 102nd | MD10: 62nd Street | ME10: Diane | MF10: 41st Bradenton | MG10: Elmhurst | MI10: IRB Front | MJ10: Huston | MP10: 80th | MQ10: 70th | MU10: Kumquat | ND10: 310 72nd Ave | OK10: Mel Ray | QL10: 102nd | QQ10: IRB Back | ST10: 52nd Ave | TC10: 4801 48th | TH10: Flamingo | TO10: Canterbury | TQ10: 80th | TT10: 102nd | TV10: 80th | UE10: 73rd Ave | UJ10: 120th Place | UZ10: 11523 48th | VI10: Canterbury | VN10: 4760 48th Ave | YA10: 11523 48th | YF10: 78th | AAE10: Elmhurst | AEW10: Toucan | AFB10: 4801 48th | AGS10: 2137 Sandpiper | AGU10: 47th Bradenton | AHR10: 2137 Sandpiper | AKU10: 2137 Sandpiper | ALB10: Viewtop | ALK10: 73rd Ave | ALN10: Malvern Cir | ALY10: 50th Ave | AMF10: 50th Ave | AMN10: Oakdale | AMO10: IRB Front | AMQ10: Malvern Cir | ANA10: 102nd | ANF10: IRB Front | ANH10: 102nd | ANR10: 2137 Sandpiper | ANS10: 106th Ave | ANT10: Malvern Cir | AOF10: 106th Ave | AOG10: 73rd Ave | AOH10: 4801 49th | AOO10: Elmhurst | AOT10: Lake Valencia | AOV10: 52nd Ave | AOX10: IRB Front | APE10: 4877 49th Ave N | APG10: Harborwood Dr | API10: 70th | APJ10: Elmhurst | APQ10: 119th | APX10: Lancaster | AQG10: 106th Ave | AQL10: 4877 49th Ave N | ASK10: 119th | ASM10: 64th Street | ASR10: Huston | ATR10: Sheldon Chase | AUC10: 106th Ave | AUT10: Brookside Dr | AVH10: 73rd Ave | AVQ10: Harborview | AVS10: 11523 48th | AVV10: 80th | AVX10: Palm Dr. | AWE10: 66th Ave | AWS10: 54th Ave | AWZ10: Canterbury | AXG10: Winfield | AXL10: Sheldon Chase | AXN10: 1860 Sunrise
FI11: Sunrise | FK11: 11523 48th | HM11: 65th Terr | HT11: Viewtop | JA11: 119th | JO11: Mel Ray | JW11: 65th Terr | JX11: Mel Ray | JZ11: Diane | KE11: 76th Ave | KL11: 78th | KQ11: Sandpiper | KS11: 76th Ave | KZ11: 73rd Ave | LN11: 72nd Ave | LR11: Lancaster | LT11: 79th Ave | LU11: 11523 48th | MC11: Toucan | MD11: 102nd | ME11: 79th Ave | MF11: 47th Bradenton | MG11: Mel Ray | MJ11: Stolls | MP11: 4877 49th Ave N | MU11: IRB Back | OK11: 119th | QL11: Oakdale | QQ11: Lancaster | ST11: Lancaster | TC11: Oakdale | TH11: IRB Back | TO11: Winfield | TQ11: 65th Terr | TT11: Huston | TV11: Sheldon Chase | UJ11: 52nd Ave | VI11: IRB Back | VN11: 66th Ave | YA11: Elmhurst | YF11: Lancaster | AAE11: 51st St | AFB11: 50th Ave | AGU11: Malvern Cir | AHR11: 4760 48th Ave | AKU11: 50th Ave | ALB11: Huston | ALY11: Brookside Dr | AMN11: 2137 Sandpiper | AMO11: 2137 Sandpiper | AMQ11: Brookside Dr | ANA11: 73rd Ave | ANF11: 119th | ANH11: 73rd Ave | ANR11: 11523 48th | ANS11: 4801 49th | ANT11: Sheldon Chase | AOF11: 4801 48th | AOH11: 62nd Street | AOT11: 102nd | AOV11: 51st St | APE11: 60th St | APG11: Sunrise | APJ11: IRB Back | APX11: IRB Back | AQG11: 66th Ave | AQL11: 2137 Sandpiper | ASM11: Winfield | ASR11: Lancaster | AUC11: Toucan | AUT11: 102nd | AVH11: Harborwood Dr | AVQ11: IRB Front | AVS11: Toucan | AVV11: 106th Ave | AVX11: 76th Ave | AXG11: 106th Ave
FI12: 73rd | FK12: Lancaster | HT12: Elmhurst | JX12: 65th Terr | JZ12: Oakdale | KL12: 11523 48th | KQ12: Toucan | KZ12: 47th Bradenton | LR12: Canterbury | LT12: Mel Ray | LU12: 4760 48th Ave | MC12: 78th | MD12: 78th | MF12: Diane | MG12: Misty Plateau | MJ12: 50th Ave | MP12: Mel Ray | MU12: 47th Bradenton | QQ12: Viewtop | ST12: Sheldon Chase | TC12: 78th | TH12: Huston | TO12: Harborwood Dr | TQ12: Lake Valencia | TV12: Palm Dr. | UJ12: 102nd | YA12: Diane | YF12: IRB Back | AFB12: Elmhurst | AHR12: 73rd Ave | AKU12: Winfield | ALY12: 73rd Ave | AMO12: Misty Plateau | AMQ12: 4760 48th Ave | ANA12: 4801 48th | ANH12: 66th Ave | ANR12: 4801 49th | ANS12: 62nd Street | ANT12: Viewtop | AOH12: IRB Back | AOV12: 119th | APE12: Oakdale | APJ12: 52nd Ave | AQG12: Huston | AQL12: 70th | AVH12: 41st Bradenton | AVQ12: 4760 48th Ave | AVV12: 62nd Street | AXG12: Brookside Dr
FK13: Huston | JZ13: Huston | KL13: 76th Ave | KQ13: Lancaster | KZ13: Stolls | LR13: 82nd Terr | MC13: Kumquat | MP13: 51st St | MU13: Diane | QQ13: Sunrise | TH13: 65th Terr | TO13: 119th | TQ13: Lantana | TV13: 4801 49th Ave | UJ13: Long Bow | YF13: 11523 48th | AFB13: Lancaster | AKU13: 4877 49th Ave N | ALY13: Winfield | ANH13: 64th Street | ANR13: 41st Bradenton | AOV13: 4801 48th | APF13: DO NOT CLEAN HARBORWOOD | APH13: DO NOT CLEAN 70TH | AQL13: Brookside Dr | AVH13: IRB Front | AVQ13: 102nd | AVV13: 41st Bradenton
FK14: Toucan | JZ14: Sheldon Chase | KL14: 41st Bradenton | KQ14: 50th Ave | KZ14: 76th Ave | LR14: 76th Ave | MC14: IRB Front | MP14: Lantana | MU14: 78th | QQ14: Toucan | TQ14: Venetian | TV14: 66th Ave | UJ14: 4801 48th | ANH14: Winfield | ANR14: Lake Valencia | AOV14: Oakdale | AQL14: 4801 49th | AVH14: 4801 48th | AVQ14: Elmhurst | AVV14: 54th Ave
KL15: Palm Dr. | MU15: Lancaster | QQ15: Canterbury | TV15: 41st Bradenton | ANR15: IRB Front | AOV15: 64th Street | AQL15: 64th Street | AVQ15: 4801 49th | AVV15: Harborview
KL16: Kumquat | MU16: Sunrise | QQ16: 102nd | TV16: Canterbury | AQL16: Canterbury
KL17: 65th Terr | MU17: 66th Ave | QQ17: Oakdale | TV17: 73rd Ave | AQL17: IRB Back
MU18: 80th | TV18: Misty Plateau
TV19: 82nd Terr
TV20: Sunrise
GF21: Long Bow: Check in early at 12pm | TV21: 52nd Ave
GF22: 4801 48th: Check in early at 2pm | TV22: 65th Terr
TV23: Winfield
TV24: Venetian

Sheet Trash
A1: Property | B1: Trash | C1: Recycle | D1: Company | E1: Lawn | F1: Pool
A2: 102nd | B2: T/F
A3: 106th | B3: M/Th | E3: Monday/Tuesday | F3: Tuesday
A4: 11523 48th | B4: T/F | C4: W | D4: Waste Management | E4: M/T | F4: Tuesday
A5: 119th | B5: M/Th
A6: 120th | B6: T/F | E6: Wednesdays | F6: Mondays
A7: 3166 50th Ave | B7: M/Th | C7: No separate Recycle bins | D7: Coastal Waste & Recycling | E7: Monday | F7: n/a
A8: 41st Bradenton | B8: M/Th | C8: M | E8: Lawn: TBA | F8: Friday | G8: Pool service: (941)758- 5400 Lawn service: (941) 256-4022
A9: 4760 48th | B9: T/F | C9: W
A10: 47th Bradenton | B10: M/Th | C10: M | E10: Lawn: TBA | F10: Friday
A11: 4801 48th | B11: W/S | C11: No separate Recycle bins
A12: 4877 49th Ave | B12: W/S | C12: No separate Recycle bins
A13: 51st | B13: T/F | C13: W | E13: Lawn: TBA
A14: 52nd | B14: T/F | C14: No separate Recycle bins | D14: Waste Management | E14: Lawm : Tuesday | F14: Pool: Thursday
A15: 62nd | B15: T/F | C15: W | D15: City of Pinellas Park
A16: 64th St | B16: T/F | C16: W | F16: Mondays
A17: 65th Terrace | B17: T/F | C17: W | D17: City of Pinellas Park
A18: 66th | B18: T/F | E18: Monday | F18: Jacuzzi: TBA
A19: 70th | B19: M/Th
A20: 724 Gulf Blvd. Unit A | B20: M/Th | C20: W | E20: n/a | F20: n/a
A21: 724 Gulf Blvd. Unit B | B21: M/Th | C21: W | E21: n/a | F21: na
A22: 72nd | B22: T/F | C22: W | D22: City of Pinellas Park | E22: Lawn: tba
A23: 73rd Ave | B23: M/Th | C23: SKIP TUESDAY | D23: City of St. Petersburg | E23: Lawn : Tuesday | F23: Pool : Tuesday
A24: 75th | B24: Th
A25: 76th | B25: T/F
A26: 78th | B26: T/F | C26: SKIP MONDAY | D26: City of St. Petersburg
A27: 79th | B27: T/F | C27: W | D27: City of Pinellas Park | E27: Lawn: tba
A28: 80th | B28: T/F | C28: W | D28: Waste Management | E28: Monday
A29: 82nd | B29: T/F | C29: W
A30: Bedford | B30: M/Th | C30: W | D30: Waste Management
A31: Canterbury | B31: M/Th | E31: Lawn: TBA | F31: Pool: Mondays
A32: Brookside | B32: M/Th
A33: Diane Ct | B33: M/Th | C33: W | D33: Waste Management | E33: Lawn: Monday | F33: Pool : Tuesday/ Wednesday
A34: Elmhurst | B34: T/F
A35: Flamingo | B35: T/F | C35: W | D35: Waste Management
A36: Harborwood | B36: T/F | C36: F | E36: Wednesday | F36: TBA
A37: Huston | B37: T/F | D37: Waste Management | E37: Lawn : Monday | F37: Pool : Thursday
A38: Kumquat | B38: T/F | C38: W | D38: Waste Management
A39: Lake Valencia | B39: M/Th | E39: Mondays | F39: Fridays
A40: Lancaster | B40: M/Th | C40: T | D40: City of Largo
A41: Lantana | B41: T | C41: T | D41: City of Clearwater
A42: Long Bow | B42: M/Th | C42: Th | D42: City of Largo | E42: Lawn: Tuesday | F42: Pool : Wednesday
A43: Malvern Cir | B43: W/S | E43: Sundays | F43: Jacuzzi: TBA
A44: Mel Ray | E44: Friday | F44: Tuesday
A45: Misty Plateau | B45: T | C45: T | D45: City of Clearwater
A46: Oakdale | B46: M/Th | C46: M | D46: City of Largo | E46: Monday | F46: Thursday
A47: Palm Dr | B47: T/F | C47: F | E47: Lawn: TBA | F47: Pool: TBA
A48: Saint Thomas | B48: F | C48: F | F48: Th/F
A49: Sandpiper | B49: M/Th | C49: Th | D49: City of Largo
A50: Sheldon Chase | B50: T/F | C50: T | D50: Hillsborough County Solid Waste | F50: Friday
A51: Stolls | B51: W/S | C51: M | D51: Hillsborough County Solid Waste
A52: Sunrise | B52: M/Th | C52: W | D52: Waste Management | E52: Monday | F52: Thursday
A53: Toucan | B53: M/Th | C53: W | D53: City of Largo
A54: Venetian | B54: T/F | C54: SKIP MONDAY | D54: City of St. Petersburg
A55: Viewtop | B55: M/Th | C55: W | D55: Waste Management | E55: Monday
A56: Winfield | B56: M/Th | C56: W | E56: Monday

Sheet Bed List
A1: Property | B1: Bed 1 | C1: Bed 2 | D1: Bed 3 | E1: Bed 4 | F1: Bed 5 | G1: Bed 6 | H1: K | I1: Q | J1: F | K1: T | L1: # of Guests | M1: # of Bathroom | N1: Pool Towel | O1: Bath Towel | P1: Hand Towel | Q1: Wash cloth | R1: Kitchen Towels | S1: Bath -room Rugs
A2: 102nd | B2: K | C2: Q | D2: T/T | H2: 1 | I2: 1 | K2: 2 | L2: 6 | M2: 2 | N2: 6 | O2: 6 | P2: 2 | Q2: 6 | R2: 2 | S2: 2
A3: 106th | B3: K | C3: Q | D3: F/F/T/T | H3: 1 | I3: 1 | J3: 2 | K3: 2 | L3: 10 | M3: 2 | N3: 10 | O3: 10 | P3: 2 | Q3: 10 | R3: 2 | S3: 2
A4: 11523 48th | B4: Q | C4: Q | D4: F/F/T | I4: 2 | J4: 2 | K4: 1 | L4: 9 | M4: 2 | N4: 9 | O4: 9 | P4: 2 | Q4: 9 | R4: 2 | S4: 2
A5: 119th | B5: K | C5: Q | D5: T/T/T/T | H5: 1 | I5: 1 | K5: 4 | L5: 8 | M5: 2 | O5: 8 | P5: 2 | Q5: 8 | R5: 2 | S5: 2
A6: 120th | B6: K | C6: K | D6: Q | H6: 2 | I6: 1 | L6: 6 | M6: 2 | N6: 6 | O6: 6 | P6: 2 | Q6: 6 | R6: 2 | S6: 2
A7: 1860 Sunrise | B7: K | C7: Q | D7: T/F | H7: 1 | I7: 1 | J7: 1 | K7: 1 | L7: 7 | M7: 3 | O7: 7 | P7: 3 | Q7: 7 | R7: 3 | S7: 3
A8: 41st Bradenton | B8: K | C8: Q/Q | D8: Q | H8: 1 | I8: 3 | L8: 8 | M8: 2 | N8: 8 | O8: 8 | P8: 2 | Q8: 8 | R8: 2 | S8: 2
A9: 4760 48th Ave | B9: K | C9: Q | D9: F/F/T | H9: 1 | I9: 1 | J9: 2 | K9: 1 | L9: 9 | M9: 2 | O9: 9 | P9: 2 | Q9: 9 | R9: 2 | S9: 2
A10: 47th Bradenton | B10: K | C10: Q | D10: Q | I10: 3 | L10: 6 | M10: 2 | N10: 6 | O10: 6 | P10: 2 | Q10: 6 | R10: 2 | S10: 2
A11: 4801 49th Ave | B11: K | C11: F/F/T | H11: 1 | J11: 2 | K11: 1 | L11: 7 | M11: 1 | O11: 7 | P11: 1 | Q11: 7 | R11: 2 | S11: 1
A12: 4877 49th Ave N | B12: Q | C12: F/F/T | I12: 1 | J12: 2 | K12: 1 | L12: 7 | M12: 1 | N12: 7 - jacuzzi | O12: 7 | P12: 1 | Q12: 7 | R12: 2 | S12: 1
A13: 50th Ave | B13: K | C13: Q | D13: F/T/T | H13: 1 | I13: 1 | J13: 1 | K13: 3 | L13: 9 | M13: 2 | O13: 9 | P13: 2 | Q13: 9 | R13: 2 | S13: 2
A14: 51st | B14: K | C14: Q | D14: Q | E14: T/T | H14: 1 | I14: 2 | K14: 2 | L14: 8 | M14: 2 | N14: 8 - jacuzzi | O14: 8 | P14: 2 | Q14: 8 | R14: 2 | S14: 2
A15: 52nd Ave | B15: K | C15: Q | D15: T/T | E15: Q/T | H15: 1 | I15: 2 | K15: 3 | L15: 9 | M15: 3 | N15: 9 | O15: 9 | P15: 3 | Q15: 9 | R15: 2 | S15: 3
A16: 54th | B16: K | C16: K | D16: F/F | H16: 2 | J16: 2 | L16: 8 | M16: 2 | O16: 8 | P16: 2 | Q16: 8 | R16: 2 | S16: 2
A17: 60th | B17: K | C17: K | D17: Q | E17: T/T/T/T/T | H17: 2 | I17: 1 | K17: 5 | L17: 11 | M17: 4 | N17: 11 | O17: 11 | P17: 4 | Q17: 11 | R17: 4 | S17: 4
A18: 62nd Street | B18: K | C18: Q | D18: T/T | H18: 1 | I18: 1 | K18: 2 | L18: 6 | M18: 2 | N18: 6 | O18: 6 | P18: 2 | Q18: 6 | R18: 2 | S18: 2
A19: 64th | B19: K | C19: Q | D19: Q | E19: Q | H19: 1 | I19: 3 | L19: 8 | M19: 2 | N19: 8 | O19: 8 | P19: 2 | Q19: 8 | R19: 2 | S19: 2
A20: 65th Terr | B20: K | C20: Q | D20: F/F/T | E20: Q Sofa bed | H20: 1 | I20: 2 | J20: 2 | K20: 1 | L20: 11 | M20: 2 | N20: 9 | O20: 11 | P20: 2 | Q20: 11 | R20: 2 | S20: 2
A21: 66th Ave | B21: K | C21: K | D21: Q | E21: F/F/T | H21: 2 | I21: 1 | J21: 2 | K21: 1 | L21: 11 | M21: 3 | N21: 11 - jacuzzi | O21: 11 | P21: 3 | Q21: 11 | R21: 2 | S21: 3
A22: 70th | B22: Q | C22: K | D22: Q | H22: 1 | I22: 2 | L22: 6 | M22: 2 | O22: 6 | P22: 2 | Q22: 6 | R22: 2 | S22: 2
A23: 73rd Ave | B23: K | C23: Q | D23: F/F/T | H23: 1 | I23: 1 | J23: 2 | K23: 1 | L23: 9 | M23: 2 | N23: 9 | O23: 9 | P23: 2 | Q23: 9 | R23: 2 | S23: 2
A24: 76th | B24: K | C24: Q | D24: Q | H24: 1 | I24: 2 | L24: 6 | M24: 2 | O24: 6 | P24: 2 | Q24: 6 | R24: 2 | S24: 2
A25: 78th | B25: K | C25: Q | D25: F/F/T | H25: 1 | I25: 1 | J25: 2 | K25: 1 | L25: 9 | M25: 3 | N25: 9 | O25: 9 | P25: 3 | Q25: 9 | R25: 2 | S25: 3
A26: 80th | B26: K | C26: Q | D26: F/F/T | H26: 1 | I26: 1 | J26: 2 | K26: 1 | L26: 9 | M26: 2 | N26: 9 - jacuzzi | O26: 9 | P26: 2 | Q26: 9 | R26: 2 | S26: 2
A27: 82nd Terr | B27: Q | C27: Q | D27: T/T | I27: 2 | K27: 2 | L27: 6 | M27: 2 | O27: 6 | P27: 2 | Q27: 6 | R27: 2 | S27: 2
A28: Brookside | B28: Q | C28: K | D28: F/F | H28: 1 | I28: 1 | J28: 2 | L28: 8 | M28: 2 | N28: 8 | O28: 8 | P28: 2 | Q28: 8 | R28: 2 | S28: 2
A29: Canterbury | B29: K | C29: Q/Q | D29: Q | E29: F/F | H29: 1 | I29: 3 | J29: 2 | L29: 12 | M29: 2 | N29: 12 | O29: 12 | P29: 2 | Q29: 12 | R29: 2 | S29: 2
A30: Elmhurst | B30: K | C30: Q | D30: Q | H30: 1 | I30: 2 | L30: 6 | M30: 2 | N30: 6 | O30: 6 | P30: 2 | Q30: 6 | R30: 2 | S30: 2
A31: Flamingo | B31: K | C31: Q | D31: F/F/T | H31: 1 | I31: 1 | J31: 2 | K31: 1 | L31: 9 | M31: 2 | N31: 9 - jacuzzi | O31: 9 | P31: 2 | Q31: 9 | R31: 2 | S31: 2
A32: Harbor Hills | B32: K | C32: Q | D32: Q | E32: F/F | H32: 1 | I32: 2 | J32: 2 | L32: 10 | M32: 2 | N32: 10 | O32: 10 | P32: 2 | Q32: 10 | R32: 2 | S32: 2
A33: Harborview | B33: K | C33: Q | D33: K | E33: F/T/T | H33: 2 | I33: 1 | J33: 1 | K33: 2 | L33: 10 | M33: 3.5 | O33: 10 | P33: 4 | Q33: 10 | R33: 4 | S33: 4
A34: Harborwood | B34: K | C34: K | D34: K | E34: F/F | H34: 3 | J34: 2 | L34: 0 | M34: 4 | N34: 10 | P34: 4 | Q34: 0 | R34: 4 | S34: 4
A35: Huston | B35: Q | C35: Q | D35: T/T | I35: 2 | K35: 2 | L35: 6 | M35: 2 | N35: 6 | O35: 6 | P35: 2 | Q35: 6 | R35: 2 | S35: 2
A36: IRB Back | B36: Q | C36: F/F | I36: 1 | J36: 2 | K36: 0 | L36: 6 | M36: 1 | N36: 7 - Beach | O36: 7 | P36: 1 | Q36: 7 | R36: 2 | S36: 1
A37: IRB Front | B37: Q | C37: F/F | I37: 1 | J37: 2 | K37: 0 | L37: 6 | M37: 1 | N37: 7 - Beach | O37: 7 | P37: 1 | Q37: 7 | R37: 2 | S37: 1
A38: Lake Valencia | B38: K | C38: Q | D38: Q | E38: T/T | H38: 1 | I38: 2 | K38: 2 | L38: 9 | M38: 3 | N38: 9 | O38: 9 | P38: 2 | Q38: 9 | R38: 2 | S38: 2
A39: Lancaster | B39: K | C39: Q | D39: F/F/T/T | E39: Q/T | F39: F/F/T | H39: 1 | I39: 2 | J39: 4 | K39: 4 | L39: 18 | M39: 3 | N39: 18 | O39: 18 | P39: 3 | Q39: 18 | R39: 4 | S39: 3
A40: Long Bow | B40: K | C40: Q/T | D40: Q/T | E40: Q | F40: F/F/T | G40: F/F/T | H40: 1 | I40: 3 | J40: 4 | K40: 4 | L40: 20 | M40: 4 | N40: 20 | O40: 20 | P40: 4 | Q40: 20 | R40: 4 | S40: 4
A41: Malvern | B41: K | C41: Q | D41: F/F/T | H41: 1 | I41: 1 | J41: 2 | K41: 1 | L41: =H41*2+I41*2+J41*2+K41*1 -> 9 | M41: 2 | N41: =L41 -> 9 | O41: 9 | P41: =M41 -> 2 | Q41: =L40 -> 20 | R41: =M41 -> 2 | S41: =M41 -> 2
A42: Misty Plateau | B42: K | C42: Q | D42: Q | E42: Q/F | H42: 1 | I42: 3 | J42: 1 | L42: 10 | M42: 3 | N42: 10 | O42: 10 | P42: 3 | Q42: 10 | R42: 2 | S42: 3
A43: Oakdale | B43: Q | C43: Q | D43: F/F/T | I43: 2 | J43: 2 | K43: 1 | L43: 9 | M43: 2 | N43: 9 | O43: 9 | P43: 2 | Q43: 9 | R43: 2 | S43: 2
A44: Palm Dr. | B44: Q | C44: Q | D44: T/T | I44: 2 | K44: 2 | L44: 6 | M44: 2 | N44: 6 | O44: 6 | P44: 2 | Q44: 6 | R44: 2 | S44: 2
A45: Sandpiper - 2137 | B45: K | C45: Q | D45: Q | E45: F/F/T | H45: 1 | I45: 2 | J45: 2 | K45: 1 | L45: =H45*2+I45*2+J45*2+K45*1 -> 11 | M45: 3 | N45: =L45 -> 11 | O45: 11 | P45: =M45 -> 3 | Q45: =L45 -> 11 | R45: =M45 -> 3 | S45: =M45 -> 3
A46: Sheldon Chase | B46: K | C46: Q | D46: T/T | H46: 1 | I46: 1 | K46: 2 | L46: 6 | M46: 2 | N46: 6 | O46: 6 | P46: 2 | Q46: 6 | R46: 2 | S46: 2
A47: Sunrise | B47: Q | C47: K | D47: F/F/T | H47: 1 | I47: 1 | J47: 2 | K47: 1 | L47: 9 | M47: 3 | N47: 9 | O47: 9 | P47: 3 | Q47: 9 | R47: 2 | S47: 3
A48: Toucan | B48: K | C48: F/F/T | D48: Q Sofa bed | H48: 1 | I48: 1 | J48: 2 | K48: 1 | L48: 9 | M48: 2 | N48: 9 | O48: 9 | P48: 2 | Q48: 9 | R48: 2 | S48: 2
A49: Venetian | B49: K | C49: Q | D49: F/F/T | I49: 2 | J49: 2 | K49: 1 | L49: 9 | M49: 2 | N49: 9 | O49: 9 | P49: 2 | Q49: 9 | R49: 2 | S49: 2
A50: Winfield | B50: K | C50: Q | D50: T/T | E50: F/F/T | H50: 1 | I50: 1 | J50: 2 | K50: 3 | L50: 11 | M50: 2 | N50: 11 | O50: 11 | P50: =M50 -> 2 | Q50: =L50 -> 11 | R50: 2 | S50: 2

Sheet Book directly
A1: Status | B1: Guest name | C1: Contact | D1: # of nights | E1: Earnings | F1: Start date | G1: End date | H1: Properties | I1: Note
A2: Post-stay | B2: Thanh Ha Tran | C2: 19377895894 | D2: 4 | E2: 1550 | F2: 45288 | G2: 45292 | H2: 73rd | I2: Need to send a credit card invoice, waive 6.5% fee | J2: Done
A3: Post-stay | B3: Will Holt | D3: 7 | E3: 1646.88 | F3: 45286 | G3: 45293 | H3: Kumquat | I3: Transfer from Saint Thomas to (Res ID: HA-F6Z314) | J3: Done
A4: Current stay | B4: Marty Weber | D4: =G4-F4 -> 35 | E4: 7000 | F4: 45318 | G4: 45353 | H4: Flamingo | J4: Done
A5: Booked | B5: Steven Watts | D5: =G5-F5 -> 30 | E5: 4500 | F5: 45354 | G5: 45384 | H5: 80th | J5: Done
A6: Current stay | B6: Edwin T MacMillain | D6: =G6-F6 -> 97 | E6: 28000 | F6: 45305 | G6: 45402 | H6: 52nd Ave | J6: Done
A7: Current stay | B7: Robert Paul Trevisanutto | D7: =G7-F7 -> 181 | E7: =9500+6000*5 -> 39500 | F7: 45231 | G7: 45412 | H7: Winfield | J7: Done
A9: Booked | B9: Steven Watts | D9: =G9-F9 -> 41 | E9: 6750 | F9: 45708 | G9: 45749 | H9: 80th
A10: Booked | B10: Marty Weber | D10: =G10-F10 -> 33 | E10: 7000 | F10: 45684 | G10: 45717 | H10: 106th
A11: Booked | B11: Chi Le | D11: =G11-F11 -> 4 | E11: 1880 | F11: 45476 | G11: 45480 | H11: Winfield
A12: Booked | D12: =G12-F12 -> 4 | E12: 1500 | F12: 45520 | G12: 45524 | H12: 11523 48th
A13: Current stay | B13: Helen Huynh | D13: 3 | E13: 1250 | F13: 45477 | G13: 45480 | H13: Venetian
B14: Trish Mach | D14: 5 | E14: 1500 | F14: 45497 | G14: 45502 | H14: 66th Ave
B15: Hai Le | E15: 700 | F15: 45541 | G15: 45544 | H15: 51st
A16: Booked | B16: Mark | E16: 18000 | F16: 45566 | G16: 45747 | H16: 82nd | J16: 3000 | K16: 45567 | L16: 3000 | M16: 45596 | N16: 3000 | O16: 45628
A17: Booked | B17: Shayne Buckley | E17: 7000 | F17: 45577 | G17: 45621 | H17: 50th | J17: 7000 | K17: paid by check
A18: Booked | B18: Marisela Correa | E18: 30400 | F18: 45577 | G18: 45808 | H18: Palm | J18: 400 | K18: 45572 | L18: 2000 | M18: 45568 | N18: 2000 | O18: 2000 | P18: 45597 | Q18: 4000 | R18: 45628
A19: Booked | B19: Elizabeth | E19: =3700+1780+1390 -> 6870 | F19: 45568 | G19: 45622 | H19: 64th | J19: 3200 | K19: 45580
A20: Booked | B20: Randall Harris | E20: =11000-6233 -> 4767 | F20: 45576 | G20: 45589 | H20: Harborwood | J20: =11000-6233 -> 4767 | K20: 45582
A21: Booked | B21: Elizabeth | E21: =3200+1330+1860 -> 6390 | F21: 45577 | G21: 45625 | H21: 51st | J21: 900 | K21: 45583 | L21: 1800 | M21: 45580 | N21: 1500 | O21: 45588
A22: Booked | B22: Jaclyn Segraves | E22: 10200 | F22: 45580 | G22: 45660 | H22: 4760 48th | J22: 500 | K22: 45586 | L22: 1500 | M22: 45588 | N22: 2000 | O22: 45587 | P22: 45609 | Q22: 2000 | R22: 45611 | S22: 2000 | T22: 45645 | U22: 2200
A23: Booked | B23: Marc Lancaric | E23: 12280 | F23: 45593 | G23: 45660 | H23: 73rd Ave
A24: Booked | B24: Jared Brown | E24: 15000 | F24: 45597 | G24: 45672 | H24: Oakdale
J25: 1000 | K25: 45593
A26: Booked | B26: Evelyne Mikhail | E26: 2550 | F26: 45768 | G26: 45777 | H26: Viewtop | J26: 2550 | K26: 45604
A27: Booked | B27: Kitti Teso | E27: 65025 | F27: 45611 | G27: 45991 | H27: 65th | J27: 8750 | K27: 45617
A29: Booked | B29: Lincoln Hancock Restoration | E29: 24000 | F29: 45684 | G29: 45742 | H29: 60th
A30: Booked | B30: Mimi Pham | F30: 45752 | G30: 45755 | H30: 11523 48th
A31: Booked | B31: Steven Watts | D31: =G31-F31 -> 44 | E31: 7240 | F31: 46070 | G31: 46114 | H31: 80th
A32: Booked | B32: Sean Jehu | F32: 45839 | G32: 45875 | H32: 78th
A33: Booked | B33: Michael Cleland | F33: 46117 | G33: 46124 | H33: 11523 48th

Sheet Prepare for the house
A1: Date
A2: Propety: | B2: 47th Bradenton
A5: King Bed | B5: =VLOOKUP($B$2,'Bed List'!$A$2:$S$499,8,0) -> 0
A6: Queen Bed | B6: =VLOOKUP($B$2,'Bed List'!$A$2:$S$499,9,0) -> 3
A7: Full Bed | B7: =VLOOKUP($B$2,'Bed List'!$A$2:$S$499,10,0) -> 0
A8: Twin Bed | B8: =VLOOKUP($B$2,'Bed List'!$A$2:$S$499,11,0) -> 0
A9: # of PoolTowel | B9: =VLOOKUP($B$2,'Bed List'!$A$2:$S$60,14,0) -> 6
A10: # of Bath Towel | B10: =VLOOKUP($B$2,'Bed List'!$A$2:$S$499,15,0) -> 6
A11: # of Hand Towel | B11: =VLOOKUP($B$2,'Bed List'!$A$2:$S$499,16,0) -> 2
A12: # of Washcloth | B12: =VLOOKUP($B$2,'Bed List'!$A$2:$S$499,17,0) -> 6
A13: # of Kitchen Towel | B13: =VLOOKUP($B$2,'Bed List'!$A$2:$S$499,18,0) -> 2
A14: # of Bathroom Rug | B14: =VLOOKUP($B$2,'Bed List'!$A$2:$S$499,19,0) -> 2

Sheet Owner staying
A1: Status | B1: Guest name | C1: Contact | D1: # of nights | E1: Start date | F1: End date | G1: Properties | H1: Note
B2: Phuong Lam | D2: =F2-E2 -> 5 | E2: 45293 | F2: 45298 | G2: 11253 48th
B3: Huy Dzu | D3: =F3-E3 -> 9 | E3: 45283 | F3: 45292 | G3: Saint Thomas
B4: Mike Lam | D4: =F4-E4 -> 56 | E4: 45297 | F4: 45353 | G4: Canterbury
B5: Liz Dao | D5: =F5-E5 -> 5 | E5: 45337 | F5: 45342 | G5: 76th
B6: Ngoc Anh | D6: =F6-E6 -> 118 | E6: 45641 | F6: 45759 | G6: 70th
B7: Anh Liem | D7: =F7-E7 -> 6 | E7: 45313 | F7: 45319 | G7: Stoll | H7: No cleaning
D8: =F8-E8 -> 4 | E8: 45345 | F8: 45349 | G8: 51st
B9: Lan Anh | D9: =F9-E9 -> 0 | E9: 45442 | F9: 45442 | G9: 310 72nd
B10: Huy Nguyen | D10: =F10-E10 -> 5 | E10: 45363 | F10: 45368 | G10: Palm Dr. | H10: Collect fees directly
B11: Minh LE | D11: =F11-E11 -> 23 | E11: 45488 | F11: 45511 | G11: Misty Plateau
B12: Anh Liem | E12: 45400 | F12: 45406 | G12: Stoll | H12: No cleaning
B13: Mike Lam | D13: =F13-E13 -> 55 | E13: 45662 | F13: 45717 | G13: Canterbury
B15: Anh Hieu | D15: =F15-E15 -> 8 | E15: 45402 | F15: 45410 | G15: 119th
B16: Huy Dzu | D16: =F16-E16 -> 10 | E16: 45491 | F16: 45501 | G16: Saint Thomas | H16: Home remodel
B17: Peter Pham | D17: =F17-E17 -> 5 | E17: 45421 | F17: 45426 | G17: Toucan
B18: Anh Hieu | D18: =F18-E18 -> 19 | E18: 45444 | F18: 45463 | G18: 119th
B19: Anh Hieu | D19: =F19-E19 -> 17 | E19: 45476 | F19: 45493 | G19: 119th
B20: Anh Peter | D20: =F20-E20 -> 53 | E20: 45543 | F20: 45596 | G20: Long Bow | H20: Home remodel
B21: Anh Peter | E21: 45492 | F21: 45545 | G21: 65th | H21: Home remodel
B22: chi Lan Anh | E22: 45486 | F22: 45487 | G22: 4801 48th
B23: chi Vy | E23: 45514 | F23: 45518 | G23: Lake Valencia
B24: chi Lan Anh | E24: 45520 | F24: 45523 | G24: 4760 48th Ave
B25: chi Lan Anh | E25: 45520 | F25: 45523 | G25: 4801 48th
B26: chi Vy | E26: 45492 | F26: 45498 | G26: 4801 49th
B27: Liz Dao | E27: 45514 | F27: 45518 | G27: 76th
B28: chi Lan Anh | E28: 45551 | F28: 45555 | G28: 4801 48th
B29: chi Lan Anh | E29: 45611 | F29: 45613 | G29: 4801 48th
B30: Anh Peter | E30: 45611 | F30: 45614 | G30: 11253 48th
E31: 45624 | F31: 45628 | G31: Huston
B32: Liz Dao | E32: 45592 | F32: 45602 | G32: 76th
B33: chi Lan Anh | E33: 45673 | F33: 45676 | G33: 4801 48th
B34: Peter Pham | E34: 45611 | F34: 45613 | G34: 78th | H34: Cuc Ny
B35: Anh Hieu | E35: 45664 | F35: 45671 | G35: 119th
B36: Liz Dao | E36: 45664 | F36: 45670 | G36: 76th
B37: anh Chinh | E37: 45703 | F37: 45707 | G37: 52nd
B38: Anh Tony | E38: 45677 | F38: 45679 | G38: 64th
B39: anh Minh | E39: 45839 | F39: 45871 | G39: Misty Plateau | H39: charge cleaning fee
E40: 45709 | F40: 45711 | G40: Harborwood
E41: 45850 | F41: 45852 | G41: Brookside | H41: charge cleaning fee
B42: chi Lan Anh | E42: 45898 | F42: 45902 | G42: 4801 48th
B43: Mike Lam | E43: 46026 | F43: 46081 | G43: Canterbury
B44: Liz Dao | E44: 45758 | F44: 45763 | G44: 76th
E45: 45758 | F45: 45763 | G45: Harborwood
B46: chi Lan Anh | E46: 45825 | F46: 45833 | G46: 4801 48th
B47: Liz Dao | E47: 45840 | F47: 45845 | G47: 76th | H47: charge cleaning fee
B48: chi Lan Anh | E48: 45801 | F48: 45804 | G48: 4801 48th
B49: chi Lan Anh | E49: 45817 | F49: 45819 | G49: 4801 48th
B50: Tatiana | E50: 45830 | F50: 45839 | G50: 1860 Sunrise
B51: Duy Lam | E51: 45813 | F51: 45817 | G51: 54th | H51: charge cleaning fee
B52: Mike Lam | E52: 45831 | F52: 45834 | G52: Canterbury
B53: Anh Cuong | E53: 45850 | F53: 45854 | G53: 2137 Sandpiper | H53: Bill cleaning
B54: Duy Lam | E54: 45855 | F54: 45862 | G54: 54th | H54: charge cleaning fee
B55: Duy Lam | E55: 45896 | F55: 45903 | G55: 54th
B56: Peter Pham | E56: 45857 | F56: 45859 | G56: IRB Back | H56: Bill cleaning
B57: Huy Nguyen | E57: 45857 | F57: 45869 | G57: Palm | H57: No charge cleaning fee
B58: Peter Pham | E58: 45859 | F58: 45863 | G58: 11523 48th | H58: Bill cleaning
B59: chi Lan Anh | E59: 45905 | F59: 45907 | G59: 4801 48th
B60: chi Lan Anh | E60: 45912 | F60: 45915 | G60: 4801 48th
E61: 45870 | F61: 45886 | G61: Toucan | H61: maintenance
E62: 45880 | F62: 45887 | G62: Flamingo | H62: Block 1 week to clean up.
E63: 45880 | F63: 45941 | G63: Canterbury | H63: for remodel work
